timestamp,funding,price,volume
1654041600000,1.0E-4,31797.90,80990.157
1654070400000,1.0E-4,31479.60,190924.286
1654099200000,1.0E-4,30733.60,285078.313
1654128000000,-1.452E-5,29796.90,78316.574
1654156800000,2.265E-5,29952.80,190171.322
1654185600000,2.107E-5,30194.40,102436.791
1654214400000,-3.378E-5,30437.10,68604.586
1654243200000,-1.456E-5,30424.20,213315.482
1654272000000,6.937E-5,29486.80,75190.309
1654300800000,2.7E-6,29682.80,49783.261
1654329600000,4.795E-5,29690.40,84765.642
1654358400000,5.506E-5,29839.90,52971.631
1654387200000,4.358E-5,29848.50,40686.345
1654416000000,2.828E-5,29630.60,69663.471
1654444800000,4.753E-5,29958.40,95036.015
1654473600000,6.036E-5,29910.00,162460.753
1654502400000,9.656E-5,31277.80,166948.185
1654531200000,1.0E-4,31529.70,107113.936
1654560000000,1.0E-4,31361.20,252879.529
1654588800000,-1.0234E-4,29569.10,149607.619
1654617600000,-3.705E-5,29876.00,289227.837
1654646400000,1.0E-4,31118.00,216248.720
1654675200000,1.0E-4,30547.90,148738.974
1654704000000,1.0E-4,30461.00,90698.943
1654732800000,1.0E-4,30192.60,58875.027
1654761600000,9.106E-5,30477.40,163199.888
1654790400000,1.0E-4,30285.90,85237.260
1654819200000,1.0E-4,30093.40,103027.013
1654848000000,9.289E-5,30041.60,211354.456
1654876800000,3.503E-5,29438.20,131547.190
1654905600000,1.762E-5,29077.70,45531.959
1654934400000,3.79E-6,29309.00,232508.291
1654963200000,6.606E-5,28392.60,113327.564
1654992000000,1.0E-4,28416.60,182044.495
1655020800000,5.63E-6,27629.50,202913.443
1655049600000,4.39E-6,28077.80,175876.193
1655078400000,5.616E-5,26564.70,510654.320
1655107200000,-3.182E-5,24801.10,720637.500
1655136000000,-5.8E-6,23255.30,391229.740
1655164800000,4.088E-5,22471.40,617870.889
1655193600000,-1.0037E-4,22863.30,381598.783
1655222400000,-5.186E-5,22672.60,248140.124
1655251200000,-2.077E-5,22122.70,355494.751
1655280000000,-7.24E-5,20707.50,535995.643
1655308800000,-6.66E-6,21408.80,617810.775
1655337600000,-4.114E-5,22567.50,197695.852
1655366400000,4.475E-5,21748.90,409839.703
1655395200000,-5.277E-5,21067.70,275098.665
1655424000000,-2.222E-5,20387.40,309465.620
1655452800000,-9.486E-5,21087.90,323840.722
1655481600000,5.092E-5,20656.00,142846.915
1655510400000,7.356E-5,20457.30,294941.278
1655539200000,4.575E-5,19245.00,344335.703
1655568000000,5.227E-5,18946.70,629314.407
1655596800000,4.243E-5,18959.70,313666.854
1655625600000,-4.559E-5,18297.10,457388.918
1655654400000,7.239E-5,19816.30,318219.902
1655683200000,8.73E-6,20564.30,256265.905
1655712000000,-5.4E-6,20076.70,401176.553
1655740800000,6.08E-5,20815.40,278373.672
1655769600000,1.0E-4,20570.00,257145.240
1655798400000,4.967E-5,21107.80,334119.182
1655827200000,2.028E-5,21382.90,195909.514
1655856000000,1.78E-6,20713.10,218138.220
1655884800000,-2.982E-5,20091.60,323324.667
1655913600000,-1.64E-5,20075.40,270721.306
1655942400000,-8.72E-6,19977.50,194867.800
1655971200000,-1.577E-5,20446.20,252500.430
1656000000000,-2.656E-5,20339.90,251384.810
1656028800000,6.006E-5,21096.60,169446.275
1656057600000,1.0E-4,20903.80,274762.791
1656086400000,1.0E-4,20875.50,201241.712
1656115200000,2.621E-5,21231.20,145921.782
1656144000000,1.0E-4,21495.50,161538.773
1656172800000,1.0E-4,20959.00,126656.892
1656201600000,1.0E-4,21481.90,94385.755
1656230400000,1.0E-4,21390.10,206305.110
1656259200000,6.69E-6,21314.20,142096.871
1656288000000,7.82E-5,21029.10,118059.456
1656316800000,3.533E-5,21354.90,264319.418
1656345600000,6.102E-5,20744.00,156956.135
1656374400000,-2.586E-5,20730.00,134334.650
1656403200000,-5.613E-5,20868.30,247026.253
1656432000000,2.435E-5,20595.70,201555.205
1656460800000,4.188E-5,20268.70,190430.451
1656489600000,8.335E-5,20080.50,258066.646
1656518400000,5.319E-5,20076.30,160408.893
1656547200000,3.24E-6,20109.90,193643.622
1656576000000,-5.159E-5,19423.10,373719.502
1656604800000,-1.5879E-4,19133.40,292618.291
1656633600000,-8.786E-5,19923.30,422267.699
1656662400000,3.106E-5,19566.10,326913.192
1656691200000,-8.061E-5,19279.40,166218.472
1656720000000,-2.913E-5,19272.00,123032.521
1656748800000,5.218E-5,19120.00,164043.791
1656777600000,2.12E-5,19219.90,95775.213
1656806400000,3.57E-5,19241.00,166521.185
1656835200000,4.779E-5,19127.70,121073.252
1656864000000,7.251E-5,19035.30,161913.894
1656892800000,7.792E-5,19306.00,97925.457
1656921600000,4.63E-5,19115.10,331258.182
1656950400000,2.248E-5,19792.40,204126.548
1656979200000,5.291E-5,20226.30,163856.518
1657008000000,1.0E-4,20207.80,340132.691
1657036800000,1.2E-6,19507.00,350249.658
1657065600000,1.0E-4,20170.10,247919.085
1657094400000,1.0E-4,20151.00,228317.803
1657123200000,8.373E-5,20140.10,205839.570
1657152000000,5.274E-5,20554.20,112041.822
1657180800000,1.0E-4,20432.80,246170.082
1657209600000,1.0E-4,20882.00,341629.712
1657238400000,2.12E-6,21614.50,244710.985
1657267200000,1.0E-4,21791.30,406210.808
1657296000000,1.0E-4,21947.40,197222.702
1657324800000,1.0E-4,21587.80,127945.248
1657353600000,1.0E-4,21644.70,138099.478
1657382400000,6.143E-5,21538.60,127327.640
1657411200000,9.962E-5,21580.00,133545.608
1657440000000,1.0E-4,21329.90,165862.819
1657468800000,1.0E-4,20892.50,168768.112
1657497600000,4.543E-5,20853.80,164246.345
1657526400000,7.236E-5,20429.30,202330.215
1657555200000,8.5E-5,20430.20,194669.427
1657584000000,8.003E-5,19954.30,181339.010
1657612800000,6.433E-5,19722.90,238943.192
1657641600000,2.667E-5,19876.90,220278.521
1657670400000,-1.204E-5,19322.90,139090.257
1657699200000,6.17E-6,19699.80,523384.718
1657728000000,-1.218E-5,19445.10,313463.190
1657756800000,5.7E-7,20220.10,182388.967
1657785600000,1.0E-4,19981.30,322387.493
1657814400000,3.451E-5,20379.40,261213.070
1657843200000,9.257E-5,20578.60,195368.590
1657872000000,1.401E-5,20823.30,244582.913
1657900800000,1.601E-5,20785.10,186812.189
1657929600000,6.055E-5,20823.10,114477.521
1657958400000,7.996E-5,20541.00,131270.670
1657987200000,8.0E-6,20934.90,293458.679
1658016000000,8.038E-5,21183.60,147400.717
1658044800000,1.0E-4,21460.00,187909.827
1658073600000,8.709E-5,21158.00,150227.184
1658102400000,1.0E-4,20794.40,300402.951
1658131200000,1.0E-4,22243.30,344916.928
1658160000000,1.0E-4,22673.60,337547.855
1658188800000,1.0E-4,22423.50,312551.918
1658217600000,1.0E-4,21760.90,426973.888
1658246400000,1.0E-4,23117.10,384503.276
1658275200000,1.0E-4,23385.90,227252.788
1658304000000,1.0E-4,23377.00,360715.668
1658332800000,8.118E-5,24153.50,358679.359
1658361600000,1.0E-4,23221.50,216564.286
1658390400000,1.0E-4,22926.60,273517.347
1658419200000,1.0E-4,22633.70,233461.833
1658448000000,1.0E-4,23144.50,141183.254
1658476800000,1.0E-4,23109.30,282300.314
1658505600000,5.172E-5,23286.70,210424.366
1658534400000,9.043E-5,22675.00,116806.710
1658563200000,1.021E-5,22764.20,227887.384
1658592000000,1.0E-4,22209.90,161193.579
1658620800000,3.77E-5,22440.10,149055.045
1658649600000,1.0E-4,22692.40,176112.752
1658678400000,8.293E-5,22837.00,137791.156
1658707200000,1.0E-4,22570.60,208244.442
1658736000000,1.238E-5,21951.20,210577.775
1658764800000,2.319E-5,21884.40,276948.438
1658793600000,1.0E-4,21300.00,183023.360
1658822400000,3.654E-5,21053.70,187422.476
1658851200000,8.659E-5,20737.60,182053.067
1658880000000,4.591E-5,21241.00,128891.783
1658908800000,5.085E-5,21335.00,150838.538
1658937600000,2.951E-5,21516.50,473639.982
1658966400000,9.229E-5,22941.10,171204.741
1658995200000,1.0E-4,22916.40,354261.095
1659024000000,1.0E-4,23739.40,231276.000
1659052800000,1.0E-4,23836.20,164378.684
1659081600000,1.0E-4,23938.00,286007.043
1659110400000,1.0E-4,24003.00,191951.324
1659139200000,1.0E-4,23771.00,98178.736
1659168000000,1.0E-4,23869.80,215273.742
1659196800000,1.0E-4,24522.80,180372.338
1659225600000,1.0E-4,23630.00,79504.374
1659254400000,1.0E-4,23704.90,97798.602
1659283200000,6.281E-5,23764.20,208666.874
1659312000000,1.0E-4,23290.10,96300.925
1659340800000,1.0E-4,23313.30,229609.313
1659369600000,6.449E-5,23315.10,172468.054
1659398400000,1.0E-4,23257.60,151453.354
1659427200000,9.733E-5,22875.50,254812.737
1659456000000,5.885E-5,22962.80,218961.821
1659484800000,3.28E-6,22975.10,125239.216
1659513600000,-3.96E-5,22979.60,260089.130
1659542400000,4.382E-5,23345.90,183933.422
1659571200000,-1.91E-6,22801.50,157241.066
1659600000000,1.778E-5,22934.90,212665.916
1659628800000,1.436E-5,22914.20,178361.834
1659657600000,1.692E-5,22608.90,175044.444
1659686400000,6.774E-5,23176.90,267675.370
1659715200000,2.115E-5,22979.10,151272.316
1659744000000,6.888E-5,23298.00,73895.928
1659772800000,8.589E-5,23196.40,58406.916
1659801600000,1.0E-4,23191.20,95356.550
1659830400000,1.0E-4,22943.20,70573.017
1659859200000,-7.37E-6,23000.00,89246.913
1659888000000,2.401E-5,23012.20,111692.132
1659916800000,1.0E-4,23167.90,155485.070
1659945600000,2.79E-5,23796.80,263013.323
1659974400000,1.0E-4,23986.80,146585.826
1660003200000,1.0E-4,23804.30,91124.636
1660032000000,7.92E-5,23866.20,304098.155
1660060800000,1.0E-4,23061.60,103064.152
1660089600000,-1.314E-5,23140.10,151434.943
1660118400000,5.81E-6,22951.20,388693.187
1660147200000,9.44E-5,23983.60,220610.074
1660176000000,7.206E-5,23941.00,266920.427
1660204800000,1.0E-4,24429.40,304313.539
1660233600000,4.911E-5,24336.40,189221.279
1660262400000,9.024E-5,23917.30,118044.160
1660291200000,1.412E-5,23949.20,207370.748
1660320000000,-3.384E-5,23966.70,152319.137
1660348800000,-3.559E-5,24387.50,183816.864
1660377600000,8.455E-5,24566.10,167073.242
1660406400000,2.154E-5,24501.80,80203.553
1660435200000,2.396E-5,24429.00,145551.886
1660464000000,-3.33E-6,24867.20,155652.234
1660492800000,1.239E-5,24512.00,136110.200
1660521600000,-3.766E-5,24294.10,374544.755
1660550400000,1.077E-5,24010.70,216255.302
1660579200000,-1.339E-5,24211.80,148590.664
1660608000000,3.243E-5,24085.20,148124.823
1660636800000,1.56E-6,24054.40,178318.078
1660665600000,2.87E-5,23886.20,134477.093
1660694400000,4.66E-6,23843.00,219410.517
1660723200000,2.62E-6,23774.20,251931.149
1660752000000,9.364E-5,23385.70,169259.237
1660780800000,8.391E-5,23333.10,84944.188
1660809600000,1.0E-4,23402.50,135791.996
1660838400000,7.171E-5,23439.50,126962.822
1660867200000,1.0E-4,23185.00,309265.958
1660896000000,2.108E-5,21892.90,324171.282
1660924800000,-6.746E-5,21431.00,273172.585
1660953600000,1.07E-5,20825.00,163431.302
1660982400000,-6.722E-5,21295.20,113861.139
1661011200000,-4.567E-5,21291.80,213214.601
1661040000000,-1.957E-5,21127.70,96098.423
1661068800000,-3.589E-5,21241.70,162201.882
1661097600000,-3.234E-5,21407.70,165982.119
1661126400000,-8.092E-5,21505.60,130171.643
1661155200000,-3.215E-5,21089.20,285738.473
1661184000000,4.021E-5,21388.00,172854.481
1661212800000,-3.345E-5,21387.00,189915.356
1661241600000,-4.031E-5,21297.20,292978.181
1661270400000,8.46E-6,21460.70,126851.733
1661299200000,2.509E-5,21518.20,164245.649
1661328000000,-4.353E-5,21305.60,161623.129
1661356800000,-3.538E-5,21605.60,176859.420
1661385600000,1.28E-6,21355.00,138079.015
1661414400000,1.547E-5,21732.20,163906.096
1661443200000,4.481E-5,21557.00,113772.881
1661472000000,-1.707E-5,21548.30,113651.566
1661500800000,3.207E-5,21438.30,534978.055
1661529600000,2.599E-5,20769.60,247844.735
1661558400000,-2.808E-5,20228.70,180406.995
1661587200000,-6.29E-5,20255.00,160045.638
1661616000000,-4.396E-5,19966.00,129145.391
1661644800000,-1.396E-5,20024.00,86607.457
1661673600000,-8.758E-5,20045.00,130470.956
1661702400000,-2.443E-5,20007.60,169326.782
1661731200000,-1.3623E-4,19547.50,168558.749
1661760000000,-1.0056E-4,19885.30,269945.054
1661788800000,-6.193E-5,20249.10,159572.866
1661817600000,1.123E-5,20275.50,162085.791
1661846400000,-3.356E-5,20423.30,318530.163
1661875200000,-5.903E-5,19743.70,287099.039
1661904000000,-2.089E-5,19803.20,217283.541
1661932800000,5.779E-5,20247.50,295582.662
1661961600000,4.95E-5,20130.60,198773.136
1661990400000,9.39E-5,20041.40,172352.549
1662019200000,2.266E-5,19885.60,270282.826
1662048000000,3.63E-5,19775.70,248959.346
1662076800000,2.498E-5,20122.60,132191.792
1662105600000,4.905E-5,20100.40,263895.547
1662134400000,4.443E-5,20344.80,272960.477
1662163200000,-1.99E-6,19941.00,90292.529
1662192000000,9.442E-5,19808.10,105255.875
1662220800000,1.115E-5,19764.30,89692.585
1662249600000,5.88E-6,19820.70,69144.003
1662278400000,5.463E-5,19618.40,186551.409
1662307200000,2.119E-5,19781.60,141102.772
1662336000000,8.292E-5,19992.70,139097.546
1662364800000,-7.37E-6,19739.90,173947.611
1662393600000,4.712E-5,19848.10,133661.253
1662422400000,-2.45E-6,19784.90,266475.799
1662451200000,3.43E-6,19900.70,250842.756
1662480000000,3.473E-5,19810.20,428170.587
1662508800000,-8.601E-5,18781.40,169283.157
1662537600000,2.729E-5,18791.40,166299.876
1662566400000,-3.48E-5,18863.30,260053.660
1662595200000,6.2E-6,19287.00,139656.764
1662624000000,3.327E-5,19164.00,264994.253
1662652800000,5.667E-5,19240.50,132617.627
1662681600000,1.312E-5,19309.30,386119.893
1662710400000,1.0E-4,20623.60,376108.581
1662739200000,1.0E-4,21258.50,230268.626
1662768000000,1.0E-4,21352.00,157888.846
1662796800000,9.764E-5,21275.00,118954.077
1662825600000,1.0E-4,21213.30,214700.283
1662854400000,7.115E-5,21639.50,117625.964
1662883200000,1.0E-4,21600.00,130795.266
1662912000000,6.712E-5,21634.00,172558.096
1662940800000,1.0E-4,21820.30,332653.101
1662969600000,8.246E-5,22180.80,321506.087
1662998400000,1.0E-4,22105.90,164442.744
1663027200000,9.965E-5,22386.00,197937.974
1663056000000,1.0E-4,22267.90,621948.456
1663084800000,1.0E-4,20823.90,398883.497
1663113600000,-3.953E-5,20162.60,166034.318
1663142400000,7.27E-6,20235.40,222294.204
1663171200000,1.004E-5,20165.60,273474.075
1663200000000,3.24E-6,20217.00,198374.600
1663228800000,1.0E-4,20195.10,306475.052
1663257600000,8.13E-6,19728.80,161012.415
1663286400000,8.055E-5,19690.80,96942.676
1663315200000,4.349E-5,19730.40,251077.032
1663344000000,2.919E-5,19653.30,196589.096
1663372800000,3.024E-5,19792.40,123346.714
1663401600000,4.336E-5,19834.10,89869.058
1663430400000,1.467E-5,19951.70,121462.786
1663459200000,6.428E-5,20102.00,69403.048
1663488000000,7.82E-5,20041.30,190508.384
1663516800000,3.564E-5,19804.40,240005.042
1663545600000,3.581E-5,19404.50,339242.069
1663574400000,-9.289E-5,18459.70,378613.987
1663603200000,6.0E-6,19071.10,275920.296
1663632000000,7.813E-5,19528.60,186031.006
1663660800000,5.855E-5,19349.90,345576.395
1663689600000,1.721E-5,19225.70,263016.531
1663718400000,5.185E-5,18866.70,140621.313
1663747200000,1.478E-5,18938.70,283519.803
1663776000000,2.732E-5,19182.60,743927.863
1663804800000,-1.1779E-4,18447.50,219795.540
1663833600000,-6.911E-5,18923.80,386058.488
1663862400000,7.743E-5,18975.50,247044.363
1663891200000,7.261E-5,19392.50,133442.953
1663920000000,2.959E-5,19216.50,392541.257
1663948800000,-5.008E-5,18704.40,312509.536
1663977600000,2.947E-5,19280.70,132839.838
1664006400000,1.676E-5,18985.60,128002.870
1664035200000,5.345E-5,19115.20,116315.507
1664064000000,9.99E-6,18910.90,79512.133
1664092800000,3.653E-5,19089.10,141534.515
1664121600000,2.593E-5,18978.40,189414.955
1664150400000,-6.6E-6,18799.70,179913.622
1664179200000,3.696E-5,18902.30,426669.805
1664208000000,4.497E-5,19103.80,171224.091
1664236800000,2.244E-5,19216.30,415877.236
1664265600000,1.0E-4,20174.20,329801.112
1664294400000,8.538E-5,19885.30,554887.810
1664323200000,1.141E-5,19070.10,306540.991
1664352000000,-1.071E-5,18770.50,506509.308
1664380800000,5.332E-5,19477.90,328172.473
1664409600000,5.681E-5,19407.40,208264.861
1664438400000,7.641E-5,19353.20,470242.191
1664467200000,6.685E-5,19280.70,313171.172
1664496000000,1.0E-4,19582.50,182672.728
1664524800000,1.0E-4,19560.80,531353.734
1664553600000,1.0E-4,19749.50,357436.472
1664582400000,3.198E-5,19411.60,95277.299
1664611200000,1.0E-4,19305.50,116615.295
1664640000000,7.005E-5,19322.90,82564.415
1664668800000,4.262E-5,19304.00,83807.562
1664697600000,5.816E-5,19276.50,157713.021
1664726400000,5.384E-5,19137.10,173449.868
1664755200000,3.996E-5,19049.30,152934.768
1664784000000,8.316E-5,19190.00,252036.204
1664812800000,1.0E-4,19330.00,216845.357
1664841600000,1.0E-4,19621.90,193146.287
1664870400000,1.0E-4,19957.00,352424.007
1664899200000,1.0E-4,20092.20,251108.468
1664928000000,1.0E-4,20332.90,129040.685
1664956800000,1.0E-4,20218.80,327684.794
1664985600000,1.0E-4,19994.60,262851.670
1665014400000,1.0E-4,20149.90,224627.504
1665043200000,1.0E-4,20214.70,370259.434
1665072000000,1.0E-4,20004.30,187147.731
1665100800000,1.0E-4,19954.00,111612.985
1665129600000,1.0E-4,19916.70,379098.285
1665158400000,7.513E-5,19574.10,182695.832
1665187200000,3.85E-5,19520.90,72772.434
1665216000000,7.345E-5,19489.80,70947.634
1665244800000,4.149E-5,19479.90,109537.133
1665273600000,3.246E-5,19406.30,67052.546
1665302400000,1.776E-5,19398.30,104857.888
1665331200000,1.951E-5,19524.50,95268.361
1665360000000,6.241E-5,19430.00,85574.375
1665388800000,6.069E-5,19401.30,274526.258
1665417600000,1.0E-4,19261.70,200820.271
1665446400000,1.0E-4,19124.10,169367.682
1665475200000,1.0E-4,19075.10,293162.593
1665504000000,1.0E-4,19137.60,140828.049
1665532800000,1.0E-4,19055.00,109776.238
1665561600000,1.0E-4,19103.40,194006.186
1665590400000,1.0E-4,19130.60,102987.864
1665619200000,7.466E-5,19148.10,114350.541
1665648000000,1.0E-4,19000.00,667689.712
1665676800000,3.936E-5,18947.70,322574.748
1665705600000,3.235E-5,19365.40,277332.712
1665734400000,1.0E-4,19633.20,380783.640
1665763200000,8.395E-5,19352.90,203336.858
1665792000000,4.317E-5,19164.60,53637.542
1665820800000,3.772E-5,19159.10,106751.381
1665849600000,4.563E-5,19119.50,81131.262
1665878400000,2.735E-5,19060.40,47035.713
1665907200000,4.61E-6,19124.10,66615.681
1665936000000,3.394E-5,19148.70,154269.798
1665964800000,3.31E-6,19251.80,86298.777
1665993600000,4.84E-5,19285.00,294597.684
1666022400000,6.458E-5,19524.40,121423.298
1666051200000,1.0E-4,19540.70,133125.987
1666080000000,1.0E-4,19655.80,276174.787
1666108800000,1.0E-4,19364.10,225042.380
1666137600000,7.598E-5,19320.90,100305.204
1666166400000,1.0E-4,19210.00,190275.796
1666195200000,1.0E-4,19259.80,113789.458
1666224000000,1.0E-4,19116.60,153932.929
1666252800000,6.021E-5,19138.00,186089.594
1666281600000,2.095E-5,19244.20,197604.525
1666310400000,4.708E-5,19034.80,81268.616
1666339200000,4.483E-5,19019.40,351814.935
1666368000000,-8.9E-6,19158.60,148795.354
1666396800000,3.721E-5,19151.00,42726.427
1666425600000,8.36E-5,19155.20,73355.001
1666454400000,-3.19E-6,19223.80,57973.614
1666483200000,4.152E-5,19195.10,47850.216
1666512000000,1.171E-5,19151.60,76335.350
1666540800000,5.174E-5,19180.60,234425.976
1666569600000,1.0E-4,19560.60,166662.665
1666598400000,1.0E-4,19318.40,213901.880
1666627200000,2.328E-5,19291.80,96111.991
1666656000000,4.327E-5,19318.10,73392.456
1666684800000,9.019E-5,19296.90,264983.819
1666713600000,-1.66E-6,19740.30,438930.259
1666742400000,2.243E-5,20068.30,151004.292
1666771200000,5.665E-5,20333.60,486967.001
1666800000000,6.122E-5,20835.60,203893.689
1666828800000,1.3E-7,20758.40,113630.635
1666857600000,-2.276E-5,20703.60,286772.862
1666886400000,1.376E-5,20554.10,214506.548
1666915200000,-1.228E-5,20285.60,144547.005
1666944000000,3.541E-5,20069.90,297337.908
1666972800000,-2.629E-5,20473.20,153653.969
1667001600000,2.484E-5,20582.70,107536.741
1667030400000,4.755E-5,20765.80,262156.636
1667059200000,4.205E-5,20913.20,112523.793
1667088000000,-2.515E-5,20796.70,71178.178
1667116800000,3.212E-5,20841.80,130739.069
1667145600000,5.135E-5,20667.70,93472.443
1667174400000,1.504E-5,20615.50,95485.833
1667203200000,3.842E-5,20537.20,278346.698
1667232000000,-4.34E-6,20390.50,104964.735
1667260800000,7.22E-6,20482.10,89484.455
1667289600000,-1.088E-5,20590.20,162614.011
1667318400000,1.302E-5,20435.60,62577.721
1667347200000,4.787E-5,20472.10,85248.557
1667376000000,1.203E-5,20414.20,105704.544
1667404800000,6.046E-5,20400.20,460582.660
1667433600000,2.68E-5,20140.20,107342.382
1667462400000,4.4E-6,20293.70,199704.316
1667491200000,6.94E-5,20241.10,65074.363
1667520000000,4.429E-5,20199.80,142360.117
1667548800000,1.148E-5,20603.30,447031.688
1667577600000,6.899E-5,20829.20,235123.410
1667606400000,4.409E-5,21137.60,128781.019
1667635200000,4.541E-5,21374.40,121511.476
1667664000000,1.0E-4,21289.70,53690.877
1667692800000,6.491E-5,21289.80,70501.386
1667721600000,9.732E-5,21185.20,78012.635
1667750400000,6.866E-5,21233.80,128634.625
1667779200000,7.813E-5,20900.00,209168.488
1667808000000,1.0E-4,20628.10,179454.269
1667836800000,1.0E-4,20756.30,165785.559
1667865600000,6.515E-5,20578.50,428751.468
1667894400000,-7.88E-6,19785.60,293204.333
1667923200000,9.446E-5,19513.80,1324520.512
1667952000000,-1.3884E-4,18533.90,270142.689
1667980800000,7.305E-5,18225.00,857385.948
1668009600000,-3.2976E-4,17096.80,938077.775
1668038400000,-0.00119172,15905.00,423485.210
1668067200000,-0.00111953,16739.50,646539.712
1668096000000,-2.3833E-4,17541.60,427068.680
1668124800000,-1.9452E-4,17588.00,278962.440
1668153600000,-7.277E-5,17397.30,432897.262
1668182400000,-5.802E-5,16864.70,243484.900
1668211200000,5.3E-5,17058.40,126691.180
1668240000000,-2.406E-5,16811.40,118873.361
1668268800000,6.521E-5,16925.50,58891.176
1668297600000,3.33E-6,16806.90,89199.254
1668326400000,-7.357E-5,16765.40,135647.595
1668355200000,2.816E-5,16568.40,124895.987
1668384000000,-3.809E-5,16321.30,357290.137
1668412800000,-7.645E-5,16813.10,354664.092
1668441600000,-1.132E-5,16582.60,222438.255
1668470400000,-1.0925E-4,16605.30,151364.668
1668499200000,-1.7664E-4,16834.90,286590.617
1668528000000,2.275E-5,16977.70,211394.173
1668556800000,-1.3216E-4,16888.30,109659.656
1668585600000,1.121E-5,16814.10,289676.620
1668614400000,-6.617E-5,16424.40,137905.369
1668643200000,-4.542E-5,16650.70,109986.647
1668672000000,-5.138E-5,16602.00,176333.212
1668700800000,-2.701E-5,16526.70,122669.426
1668729600000,-2.836E-5,16682.10,147664.279
1668758400000,2.398E-5,16739.70,140920.092
1668787200000,9.55E-6,16686.70,100028.471
1668816000000,5.556E-5,16689.70,53802.826
1668844800000,7.897E-5,16592.20,48520.641
1668873600000,-1.169E-5,16648.50,69499.448
1668902400000,-7.79E-6,16693.00,45838.489
1668931200000,3.552E-5,16710.10,142735.617
1668960000000,-9.79E-6,16570.40,139025.108
1668988800000,7.898E-5,16272.70,240314.797
1669017600000,-1.218E-5,16032.10,175058.362
1669046400000,2.302E-5,16122.60,374846.206
1669075200000,-7.485E-5,15772.90,161681.159
1669104000000,2.033E-5,15754.90,285745.047
1669132800000,7.881E-5,16232.80,131907.438
1669161600000,9.406E-5,16220.50,188167.927
1669190400000,1.0E-4,16572.90,180403.275
1669219200000,-3.9E-6,16415.90,178143.708
1669248000000,5.42E-5,16595.80,132270.351
1669276800000,2.012E-5,16613.80,123300.867
1669305600000,6.272E-5,16548.90,95453.200
1669334400000,2.058E-5,16592.50,110304.743
1669363200000,4.61E-6,16453.70,122168.929
1669392000000,1.329E-5,16505.30,74086.444
1669420800000,3.859E-5,16516.20,88233.389
1669449600000,-2.455E-5,16576.90,92840.807
1669478400000,3.523E-5,16506.40,72327.463
1669507200000,1.063E-5,16449.20,57181.261
1669536000000,-3.066E-5,16553.90,58360.766
1669564800000,3.784E-5,16566.30,73828.318
1669593600000,2.303E-5,16422.50,189304.665
1669622400000,5.36E-6,16215.10,128278.652
1669651200000,2.1E-7,16136.70,179554.552
1669680000000,4.76E-5,16204.60,147251.174
1669708800000,-3.85E-6,16456.00,153294.953
1669737600000,4.171E-5,16384.90,90864.727
1669766400000,3.404E-5,16433.30,243148.816
1669795200000,4.038E-5,16874.10,120430.691
1669824000000,9.511E-5,16856.80,256745.443
1669852800000,1.029E-5,17153.40,96222.678
1669881600000,-5.001E-5,17062.50,229435.764
1669910400000,1.0E-4,16970.50,85392.867
1669939200000,8.203E-5,16970.50,76623.441
1669968000000,2.825E-5,16947.00,184411.983
1669996800000,-3.753E-5,16928.90,74003.791
1670025600000,3.302E-5,17083.00,68597.253
1670054400000,5.123E-5,16954.70,60547.984
1670083200000,1.0E-4,16953.90,56112.005
1670112000000,6.174E-5,16879.50,75430.204
1670140800000,6.437E-5,16987.90,93891.931
1670169600000,4.581E-5,17022.20,122768.733
1670198400000,5.4E-7,17099.50,199733.135
1670227200000,-4.218E-5,17303.70,172074.190
1670256000000,4.603E-5,17073.80,148154.065
1670284800000,2.206E-5,16958.20,87126.611
1670313600000,4.118E-5,16993.70,126663.957
1670342400000,2.305E-5,16974.90,107540.045
1670371200000,7.887E-5,17078.70,139678.801
1670400000000,6.58E-6,16755.40,138977.951
1670428800000,-1.492E-5,16829.10,59122.173
1670457600000,1.183E-5,16828.00,67245.178
1670486400000,2.152E-5,16816.80,132478.722
1670515200000,1.67E-6,16907.70,202433.435
1670544000000,1.178E-5,17216.00,65790.810
1670572800000,4.007E-5,17203.70,164127.982
1670601600000,3.198E-5,17170.30,60312.391
1670630400000,-1.669E-5,17122.00,37513.133
1670659200000,-6.87E-6,17144.50,57253.839
1670688000000,1.711E-5,17200.30,47128.235
1670716800000,9.29E-6,17120.10,35458.532
1670745600000,8.73E-6,17173.40,36589.682
1670774400000,6.92E-6,17145.50,98955.897
1670803200000,2.406E-5,17077.30,120648.519
1670832000000,2.638E-5,16916.20,107822.785
1670860800000,-1.67E-5,17000.00,107384.954
1670889600000,3.003E-5,17200.00,92554.630
1670918400000,1.971E-5,17156.90,385630.372
1670947200000,1.0E-4,17749.50,118666.289
1670976000000,1.0E-4,17777.10,52985.592
1671004800000,1.0E-4,17807.10,174825.349
1671033600000,1.0E-4,18054.80,399700.758
1671062400000,1.0E-4,17804.00,102311.444
1671091200000,1.0E-4,17685.90,199328.409
1671120000000,5.18E-5,17424.00,135644.184
1671148800000,4.842E-5,17351.90,77191.529
1671177600000,5.706E-5,17496.60,296126.791
1671206400000,-1.987E-5,16961.80,248831.925
1671235200000,2.013E-5,16624.10,112086.668
1671264000000,7.81E-5,16737.90,78824.877
1671292800000,9.707E-5,16692.30,57553.728
1671321600000,6.274E-5,16768.10,45942.628
1671350400000,6.828E-5,16739.90,60621.841
1671379200000,-6.47E-6,16676.40,79333.744
1671408000000,6.468E-5,16730.40,77816.331
1671436800000,3.493E-5,16714.50,81607.607
1671465600000,4.496E-5,16660.30,185304.614
1671494400000,5.611E-5,16429.20,179909.893
1671523200000,-1.2E-7,16796.20,179035.713
1671552000000,3.401E-5,16910.80,117225.492
1671580800000,3.778E-5,16887.30,61063.637
1671609600000,7.742E-5,16809.10,104002.869
1671638400000,7.582E-5,16854.60,62685.829
1671667200000,2.918E-5,16819.70,40013.034
1671696000000,8.167E-5,16820.00,126236.807
1671724800000,7.198E-5,16631.50,140361.120
1671753600000,1.0E-4,16815.50,65101.927
1671782400000,1.0E-4,16842.00,154472.624
1671811200000,8.903E-5,16826.00,44978.869
1671840000000,1.0E-4,16776.30,31293.759
1671868800000,4.748E-5,16840.20,25483.777
1671897600000,6.222E-5,16830.30,25633.254
1671926400000,5.21E-6,16829.00,21381.824
1671955200000,1.855E-5,16816.70,68694.585
1671984000000,3.06E-5,16784.20,53999.434
1672012800000,3.319E-5,16824.50,53359.892
1672041600000,-5.064E-5,16836.70,46783.395
1672070400000,2.871E-5,16801.10,47985.412
1672099200000,8.655E-5,16912.80,57915.807
1672128000000,1.102E-5,16859.60,97465.795
1672156800000,1.951E-5,16790.70,107446.962
1672185600000,4.252E-5,16698.20,98705.760
1672214400000,9.764E-5,16639.10,123460.855
1672243200000,2.111E-5,16571.30,122483.243
1672272000000,9.985E-5,16538.90,56391.277
1672300800000,8.532E-5,16553.00,92904.756
1672329600000,1.0E-4,16610.10,59295.498
1672358400000,1.0E-4,16630.30,82614.923
1672387200000,7.132E-5,16467.60,143403.206
1672416000000,1.0E-4,16547.70,69612.361
1672444800000,1.0E-4,16601.20,31256.506
1672473600000,1.0E-4,16564.40,56309.244
1672502400000,1.0E-4,16586.10,46896.406
1672531200000,1.0E-4,16537.50,32204.874
1672560000000,1.0E-4,16519.50,30660.160
1672588800000,6.91E-6,16553.00,42637.931
1672617600000,-1.488E-5,16610.40,89977.218
1672646400000,-4.356E-5,16712.60,73411.867
1672675200000,2.67E-5,16729.20,51772.091
1672704000000,1.0E-4,16665.90,51449.818
1672732800000,8.977E-5,16723.10,95819.672
1672761600000,3.322E-5,16670.90,55800.715
1672790400000,6.489E-5,16667.30,114963.808
1672819200000,3.388E-5,16862.50,95156.339
1672848000000,4.931E-5,16846.50,139627.691
1672876800000,5.417E-5,16842.20,36055.815
1672905600000,4.436E-5,16816.10,92044.533
1672934400000,7.264E-5,16836.70,48268.999
1672963200000,5.587E-5,16823.80,44926.238
1672992000000,6.591E-5,16785.60,145824.731
1673020800000,8.658E-5,16834.10,126222.660
1673049600000,2.508E-5,16943.90,28600.179
1673078400000,6.71E-6,16939.80,30187.808
1673107200000,1.0E-4,16934.50,19185.118
1673136000000,5.657E-5,16936.50,23065.376
1673164800000,1.0E-4,16945.50,42584.705
1673193600000,7.452E-5,16990.90,92067.237
1673222400000,5.796E-5,17124.60,121058.978
1673251200000,-6.66E-6,17189.80,131128.760
1673280000000,9.05E-6,17260.40,148090.071
1673308800000,2.417E-5,17169.60,45739.459
1673337600000,9.685E-5,17194.60,129847.980
1673366400000,3.129E-5,17317.60,121732.932
1673395200000,2.761E-5,17428.80,68302.052
1673424000000,2.477E-5,17437.10,87309.964
1673452800000,-2.11E-6,17325.20,230665.090
1673481600000,7.549E-5,17935.60,219343.598
1673510400000,1.0E-4,18129.20,367947.000
1673539200000,1.0E-4,18077.60,453044.162
1673568000000,1.0E-4,18838.10,79420.692
1673596800000,1.0E-4,18817.70,303183.638
1673625600000,7.16E-5,19252.60,424203.502
1673654400000,8.746E-5,19924.30,476564.249
1673683200000,4.5847E-4,20913.00,395806.002
1673712000000,1.0E-4,20796.90,138296.432
1673740800000,1.3712E-4,20962.80,131419.701
1673769600000,1.2434E-4,20750.10,146324.976
1673798400000,1.9892E-4,20925.00,150741.882
1673827200000,1.0E-4,20882.70,231232.328
1673856000000,1.0E-4,21116.00,216127.752
1673884800000,1.0E-4,21000.60,218788.121
1673913600000,1.0E-4,21188.20,122062.831
1673942400000,1.0E-4,21134.80,282830.525
1673971200000,1.0E-4,21175.70,142497.237
1674000000000,1.0E-4,21130.80,84775.356
1674028800000,1.0E-4,21307.80,314570.738
1674057600000,1.0E-4,21035.50,414439.423
1674086400000,1.0E-4,20680.10,74261.749
1674115200000,1.0E-4,20818.20,147482.482
1674144000000,1.0E-4,20870.80,152989.386
1674172800000,1.0E-4,21068.30,103446.827
1674201600000,1.0E-4,20954.10,136784.695
1674230400000,1.0E-4,21139.70,483413.678
1674259200000,1.0E-4,22661.00,123926.508
1674288000000,1.0E-4,22631.60,412040.344
1674316800000,1.0E-4,22996.20,228714.248
1674345600000,1.0E-4,22781.80,118725.944
1674374400000,1.0E-4,22893.20,151397.352
1674403200000,1.0E-4,22793.00,212406.515
1674432000000,1.0E-4,22704.70,84286.431
1674460800000,1.0E-4,22692.40,252765.375
1674489600000,1.0E-4,22852.10,188751.034
1674518400000,1.0E-4,22913.30,89433.771
1674547200000,1.0E-4,23052.30,207039.699
1674576000000,1.0E-4,22924.00,209142.346
1674604800000,1.0E-4,22627.50,132737.087
1674633600000,1.0E-4,22703.90,185473.605
1674662400000,1.0E-4,22573.40,374575.915
1674691200000,1.0E-4,23060.60,111726.688
1674720000000,1.0E-4,22961.30,209597.573
1674748800000,1.0E-4,22947.20,106436.525
1674777600000,1.0E-4,23001.90,144892.571
1674806400000,9.541E-5,23068.10,159915.857
1674835200000,1.0E-4,22928.80,205111.879
1674864000000,1.0E-4,23068.10,60099.473
1674892800000,1.0E-4,22984.30,86128.404
1674921600000,1.0E-4,23004.60,40173.066
1674950400000,1.0E-4,23016.00,152364.833
1674979200000,1.0E-4,23200.40,203293.961
1675008000000,1.0E-4,23522.70,206369.437
1675036800000,1.0E-4,23740.20,86441.541
1675065600000,1.0E-4,23648.00,292831.191
1675094400000,1.0E-4,23178.60,193264.675
1675123200000,1.0E-4,22819.90,89349.875
1675152000000,1.0E-4,22967.70,159414.685
1675180800000,1.0E-4,23114.00,154962.406
1675209600000,1.0E-4,23119.50,74085.484
1675238400000,1.0E-4,23070.90,121816.706
1675267200000,1.0E-4,22975.60,375527.521
1675296000000,1.0E-4,23730.10,185791.590
1675324800000,1.0E-4,23787.00,187079.530
1675353600000,1.0E-4,23843.40,242869.218
1675382400000,1.0E-4,23493.00,79444.327
1675411200000,1.0E-4,23457.10,247654.918
1675440000000,1.0E-4,23601.10,143732.193
1675468800000,1.0E-4,23424.70,54485.905
1675497600000,1.0E-4,23322.40,89792.622
1675526400000,1.0E-4,23420.10,52839.866
1675555200000,1.0E-4,23322.60,54444.238
1675584000000,1.0E-4,23377.00,123618.795
1675612800000,1.0E-4,23094.20,178602.001
1675641600000,1.0E-4,22929.30,100743.770
1675670400000,1.0E-4,22873.10,143302.592
1675699200000,1.0E-4,23040.50,173113.781
1675728000000,1.0E-4,22757.80,67368.815
1675756800000,1.0E-4,22905.50,101310.304
1675785600000,1.0E-4,22898.90,278594.375
1675814400000,1.0E-4,23234.10,73826.129
1675843200000,1.0E-4,23227.00,135683.607
1675872000000,1.0E-4,22862.40,173955.745
1675900800000,1.0E-4,22955.90,198792.904
1675929600000,1.0E-4,22668.80,154912.651
1675958400000,1.0E-4,22603.80,378589.795
1675987200000,1.0E-4,21793.30,114403.892
1676016000000,1.0E-4,21902.00,168963.921
1676044800000,1.0E-4,21648.90,156618.684
1676073600000,7.684E-5,21618.60,52207.618
1676102400000,5.572E-5,21681.90,54128.401
1676131200000,5.241E-5,21726.90,82913.648
1676160000000,5.343E-5,21851.20,37696.240
1676188800000,1.0E-4,21788.20,105240.240
1676217600000,2.27E-5,21931.40,133850.613
1676246400000,2.074E-5,21771.00,104594.975
1676275200000,6.323E-5,21857.10,217189.952
1676304000000,1.0E-4,21553.30,189810.766
1676332800000,1.0E-4,21766.10,55579.485
1676361600000,1.0E-4,21760.00,372855.906
1676390400000,8.887E-5,22033.40,170356.118
1676419200000,2.377E-5,22187.40,59476.333
1676448000000,2.63E-5,22097.40,293225.434
1676476800000,9.071E-5,22798.00,471974.704
1676505600000,1.0E-4,24332.70,234622.983
1676534400000,1.0E-4,24630.80,262821.467
1676563200000,2.3171E-4,25090.20,462018.709
1676592000000,1.0E-4,23526.60,185342.665
1676620800000,1.0E-4,23635.90,306485.798
1676649600000,1.0E-4,24131.30,430888.685
1676678400000,1.0E-4,24581.30,85105.032
1676707200000,1.0E-4,24522.70,92420.264
1676736000000,1.0E-4,24670.00,84030.260
1676764800000,1.0E-4,24636.80,88068.018
1676793600000,1.0E-4,24576.60,138248.607
1676822400000,1.0E-4,24929.70,317190.003
1676851200000,1.0E-4,24265.90,178483.380
1676880000000,1.0E-4,24500.10,326784.237
1676908800000,1.0E-4,24944.70,141133.455
1676937600000,1.0E-4,24849.90,123437.998
1676966400000,1.0E-4,25004.60,359416.001
1676995200000,1.0E-4,24554.00,246436.576
1677024000000,1.0E-4,24443.30,212866.504
1677052800000,1.0E-4,24059.50,278280.843
1677081600000,1.0E-4,23707.50,239266.754
1677110400000,1.0E-4,24171.30,158280.214
1677139200000,3.506E-5,24365.20,406408.297
1677168000000,3.631E-5,23940.00,186650.903
1677196800000,4.978E-5,23928.70,114903.161
1677225600000,4.949E-5,23821.60,292004.516
1677254400000,5.44E-5,23337.10,324670.265
1677283200000,1.183E-5,23175.50,59527.025
1677312000000,6.1E-6,23108.70,121222.236
1677340800000,-4.8E-7,22996.40,130046.387
1677369600000,7.372E-5,23146.20,69843.501
1677398400000,2.76E-5,23142.80,105695.043
1677427200000,6.581E-5,23239.80,195856.512
1677456000000,8.144E-5,23545.20,101456.789
1677484800000,1.196E-5,23411.10,231810.251
1677513600000,6.826E-5,23546.50,243487.926
1677542400000,3.414E-5,23480.00,88158.599
1677571200000,1.985E-5,23223.40,178207.281
1677600000000,5.95E-5,23511.10,190553.958
1677628800000,1.85E-6,23129.70,214614.269
1677657600000,1.0E-4,23709.60,225449.833
1677686400000,1.0E-4,23702.90,177186.209
1677715200000,8.612E-5,23619.80,116175.033
1677744000000,8.703E-5,23381.80,173353.971
1677772800000,8.395E-5,23350.30,129727.597
1677801600000,1.0E-4,23457.10,324167.284
1677830400000,-4.203E-5,22347.80,160377.995
1677859200000,-2.26E-6,22324.00,123972.858
1677888000000,5.3E-6,22342.80,54008.349
1677916800000,3.812E-5,22346.60,40161.045
1677945600000,2.104E-5,22306.20,81139.817
1677974400000,1.874E-5,22335.80,143620.231
1678003200000,5.44E-6,22365.20,63689.491
1678032000000,3.706E-5,22424.50,74952.023
1678060800000,4.054E-5,22419.30,93157.078
1678089600000,5.46E-5,22380.90,98955.302
1678118400000,5.414E-5,22543.60,106864.017
1678147200000,1.173E-5,22397.10,56719.726
1678176000000,4.375E-5,22408.50,284344.281
1678204800000,2.631E-5,22307.60,207430.092
1678233600000,2.917E-5,22187.10,140685.182
1678262400000,3.816E-5,21962.20,205432.776
1678291200000,1.0E-4,22129.60,201750.009
1678320000000,1.0E-4,21695.30,83838.631
1678348800000,1.0E-4,21680.90,213861.864
1678377600000,1.0E-4,21637.40,654202.865
1678406400000,-8.895E-5,20348.40,372592.136
1678435200000,5.26E-6,19943.00,567322.710
1678464000000,-1.647E-5,19995.00,298220.419
1678492800000,2.364E-5,20140.30,347705.708
1678521600000,-2.296E-5,19844.40,220408.578
1678550400000,-2.341E-5,20052.30,185365.272
1678579200000,3.76E-6,20447.30,108930.640
1678608000000,9.088E-5,20335.60,124823.558
1678636800000,-4.068E-5,20347.80,647768.204
1678665600000,1.0E-4,21986.20,327678.691
1678694400000,6.011E-5,22451.50,890118.574
1678723200000,1.0E-4,24009.00,317184.911
1678752000000,1.5042E-4,24119.50,258692.815
1678780800000,1.0E-4,24252.30,729192.613
1678809600000,2.9811E-4,25911.30,584677.207
1678838400000,1.0E-4,24682.50,193552.187
1678867200000,2.4127E-4,24892.00,550643.466
1678896000000,2.2126E-4,24480.00,357860.776
1678924800000,1.0E-4,24287.90,156563.632
1678953600000,1.0E-4,24614.50,358579.122
1678982400000,1.0E-4,24880.70,220304.192
1679011200000,3.311E-5,24990.50,362116.216
1679040000000,1.0E-4,26046.90,541280.010
1679068800000,1.0E-4,26412.70,437762.838
1679097600000,1.0E-4,27383.90,212956.975
1679126400000,1.0E-4,27351.90,234972.633
1679155200000,1.0E-4,27218.90,292302.708
1679184000000,1.0E-4,26907.00,116932.247
1679212800000,1.0E-4,26963.40,234478.530
1679241600000,1.0E-4,27533.70,407956.301
1679270400000,1.0E-4,27955.80,294086.154
1679299200000,9.081E-5,28168.50,388087.173
1679328000000,1.0E-4,27679.70,255050.121
1679356800000,8.118E-5,27704.10,159650.276
1679385600000,1.254E-5,27490.90,309863.676
1679414400000,2.92E-6,28028.70,215973.762
1679443200000,2.68E-6,28091.10,116898.018
1679472000000,6.0E-8,28088.20,282620.035
1679500800000,5.334E-5,28586.10,680875.217
1679529600000,2.48E-6,27233.80,148383.831
1679558400000,-1.09E-5,27616.30,348002.641
1679587200000,1.0E-4,28574.60,311787.575
1679616000000,1.0E-4,28284.00,90058.173
1679644800000,1.0E-4,28270.00,352700.931
1679673600000,1.0E-4,27997.20,253316.266
1679702400000,-3.1E-6,27439.00,81531.579
1679731200000,4.25E-6,27473.50,124060.435
1679760000000,2.92E-6,27631.40,130082.041
1679788800000,6.1E-7,27447.20,63603.359
1679817600000,-3.326E-5,27492.40,219940.994
1679846400000,3.634E-5,27790.10,116212.632
1679875200000,2.905E-5,27954.30,94352.744
1679904000000,2.409E-5,27794.50,359938.132
1679932800000,-3.96E-6,26887.30,188143.946
1679961600000,-1.428E-5,27112.00,123427.087
1679990400000,1.123E-5,26947.30,252283.780
1680019200000,7.531E-5,26984.80,209369.905
1680048000000,6.075E-5,27249.70,201131.194
1680076800000,7.098E-5,28077.80,303448.843
1680105600000,1.0E-4,28426.40,151272.934
1680134400000,6.987E-5,28338.60,324802.813
1680163200000,5.638E-5,28706.50,196036.807
1680192000000,1.123E-5,28282.80,250126.480
1680220800000,-2.712E-5,28015.00,184769.081
1680249600000,6.358E-5,27733.30,293518.408
1680278400000,1.0E-4,28488.60,133269.801
1680307200000,1.0E-4,28454.80,112537.083
1680336000000,1.0E-4,28416.10,78536.636
1680364800000,8.84E-5,28387.20,65413.503
1680393600000,4.527E-5,28443.70,50891.772
1680422400000,6.893E-5,28401.30,123361.801
1680451200000,4.514E-5,28110.10,142405.097
1680480000000,1.759E-5,28161.30,151804.932
1680508800000,-1.24E-5,27946.50,311627.190
1680537600000,5.688E-5,28034.10,278233.441
1680566400000,-6.009E-5,27786.10,115247.957
1680595200000,-1.357E-5,28013.20,219965.575
1680624000000,-1.276E-5,28011.70,97157.080
1680652800000,2.76E-5,28155.10,164107.058
1680681600000,8.517E-5,28515.70,246022.814
1680710400000,5.265E-5,28015.00,133582.966
1680739200000,1.442E-5,28154.00,94671.496
1680768000000,3.598E-5,27896.70,181394.781
1680796800000,-2.975E-5,28079.30,79850.505
1680825600000,1.004E-5,28022.90,71919.945
1680854400000,-1.473E-5,27822.10,106885.399
1680883200000,1.055E-5,27930.20,40444.834
1680912000000,2.68E-6,27890.70,64899.060
1680940800000,4.66E-6,28073.80,45853.950
1680969600000,3.192E-5,28004.30,48376.550
1680998400000,9.5E-6,27924.90,77730.990
1681027200000,-9.04E-6,27888.20,67000.835
1681056000000,-8.53E-6,27873.60,161130.055
1681084800000,1.0E-4,28309.40,71616.066
1681113600000,1.0E-4,28278.30,125671.074
1681142400000,6.167E-5,28427.70,382774.785
1681171200000,1.0E-4,29623.10,278202.483
1681200000000,1.0E-4,30095.30,170725.763
1681228800000,1.0E-4,30179.50,180050.245
1681257600000,9.582E-5,30185.10,141292.158
1681286400000,8.195E-5,29979.50,304263.078
1681315200000,1.747E-5,29948.00,118113.194
1681344000000,6.665E-5,29874.90,81298.268
1681372800000,4.427E-5,30054.00,239374.281
1681401600000,1.0E-4,30422.60,115509.945
1681430400000,-1.13E-6,30362.70,238836.108
1681459200000,1.0E-4,30739.90,225695.320
1681488000000,3.42E-5,30226.70,150860.187
1681516800000,-4.975E-5,30453.00,61449.948
1681545600000,8.455E-5,30416.60,57780.681
1681574400000,1.0E-4,30319.90,61003.453
1681603200000,7.144E-5,30280.40,47812.160
1681632000000,1.0E-4,30330.80,63168.661
1681660800000,1.0E-4,30324.70,99245.198
1681689600000,1.0E-4,30286.60,144858.488
1681718400000,7.376E-5,29831.20,225771.358
1681747200000,1.0E-4,29346.50,84888.702
1681776000000,4.683E-5,29420.10,125537.899
1681804800000,-5.1E-6,29756.80,264160.768
1681833600000,6.772E-5,30170.10,143490.603
1681862400000,1.0E-4,30365.80,99963.755
1681891200000,6.231E-5,30064.70,323041.461
1681920000000,-8.1E-7,29248.00,220860.894
1681948800000,8.579E-5,28795.00,150860.713
1681977600000,3.668E-5,28857.70,232483.022
1682006400000,5.898E-5,28492.40,255835.551
1682035200000,6.297E-5,28229.90,178191.251
1682064000000,1.0E-4,28142.40,207509.123
1682092800000,1.0E-4,28032.80,302132.459
1682121600000,1.0E-4,27252.60,81804.539
1682150400000,6.858E-5,27268.40,125093.407
1682179200000,2.09E-5,27477.10,138651.075
1682208000000,3.768E-5,27807.20,99270.618
1682236800000,1.376E-5,27704.70,120422.179
1682265600000,2.369E-5,27460.20,112389.558
1682294400000,4.679E-5,27575.90,165455.837
1682323200000,3.694E-5,27440.90,236934.150
1682352000000,2.63E-5,27255.90,178878.281
1682380800000,5.066E-5,27497.40,89189.928
1682409600000,6.606E-5,27252.40,141503.419
1682438400000,8.541E-5,27329.50,277561.168
1682467200000,4.346E-5,28286.70,134210.907
1682496000000,1.686E-5,28364.90,519847.237
1682524800000,1.0E-4,29803.10,630866.524
1682553600000,2.518E-5,28396.00,344282.226
1682582400000,5.769E-5,28880.10,304900.893
1682611200000,3.265E-5,29136.60,303401.620
1682640000000,1.0E-4,29459.00,128249.091
1682668800000,1.0E-4,29473.80,256775.848
1682697600000,4.476E-5,29134.00,123325.216
1682726400000,3.7E-7,29300.00,76706.155
1682755200000,6.751E-5,29333.80,73819.144
1682784000000,7.826E-5,29258.00,67487.945
1682812800000,3.132E-5,29212.70,49892.618
1682841600000,3.501E-5,29251.90,175720.450
1682870400000,6.078E-5,29644.40,192185.778
1682899200000,2.435E-5,29223.00,221417.868
1682928000000,-6.37E-5,28609.90,169641.610
1682956800000,5.66E-6,28158.50,233915.010
1682985600000,9.68E-6,28054.50,84209.347
1683014400000,6.135E-5,28045.10,270747.396
1683043200000,1.204E-5,28521.00,158589.526
1683072000000,8.568E-5,28656.40,102286.055
1683100800000,5.435E-5,28638.40,187353.142
1683129600000,5.701E-5,28292.60,386827.033
1683158400000,1.0E-4,29018.40,99169.153
1683187200000,9.992E-5,29048.70,224024.473
1683216000000,4.314E-5,28850.00,103231.958
1683244800000,3.731E-5,28826.00,167748.988
1683273600000,9.909E-5,29058.90,236751.476
1683302400000,8.548E-5,29347.50,173984.713
1683331200000,1.0E-4,29491.50,119716.746
1683360000000,1.0E-4,29350.20,239727.826
1683388800000,1.0E-4,28557.90,116184.329
1683417600000,4.321E-5,28837.90,91105.251
1683446400000,4.047E-5,28891.80,103535.738
1683475200000,6.046E-5,28933.10,113769.654
1683504000000,7.2E-6,28419.50,225191.503
1683532800000,4.07E-6,27957.70,219101.789
1683561600000,3.902E-5,27874.20,213895.485
1683590400000,5.11E-5,27659.80,93616.181
1683619200000,6.841E-5,27649.30,161601.083
1683648000000,3.78E-6,27385.80,112447.422
1683676800000,3.752E-5,27610.20,79628.570
1683705600000,4.785E-5,27532.30,253829.742
1683734400000,3.792E-5,28141.20,389044.364
1683763200000,1.596E-5,27583.00,96071.731
1683792000000,6.926E-5,27437.50,242541.569
1683820800000,5.207E-5,27166.30,200209.063
1683849600000,3.633E-5,26956.40,222507.000
1683878400000,3.964E-5,26294.00,153841.454
1683907200000,2.762E-5,26307.60,239297.054
1683936000000,-1.0E-7,26785.20,88723.363
1683964800000,5.385E-5,26759.20,68574.349
1683993600000,4.494E-5,26802.00,85397.217
1684022400000,1.715E-5,26762.80,67867.270
1684051200000,3.039E-5,26839.90,104481.913
1684080000000,3.537E-5,27071.40,75230.244
1684108800000,4.407E-5,26901.90,194063.300
1684137600000,-1.576E-5,27398.60,119798.534
1684166400000,-1.9E-6,27383.00,136401.242
1684195200000,8.66E-5,27152.50,139514.380
1684224000000,3.165E-5,27240.60,151771.014
1684252800000,5.8E-5,27027.90,81887.557
1684281600000,8.392E-5,27024.70,101951.831
1684310400000,7.029E-5,26831.80,190747.017
1684339200000,4.461E-5,26788.10,197366.370
1684368000000,1.0E-4,27395.70,97783.531
1684396800000,1.0E-4,27375.10,187378.003
1684425600000,8.342E-5,27075.20,259810.445
1684454400000,2.716E-5,26809.40,66324.427
1684483200000,4.474E-5,26842.00,189995.681
1684512000000,3.815E-5,26870.00,67777.848
1684540800000,5.313E-5,26870.10,23470.576
1684569600000,2.455E-5,26841.90,40759.919
1684598400000,-8.49E-6,26936.00,73284.859
1684627200000,4.776E-5,27089.60,62073.376
1684656000000,7.262E-5,27044.60,110311.229
1684684800000,5.071E-5,26885.10,66391.820
1684713600000,3.019E-5,26732.80,106452.460
1684742400000,2.1E-6,26830.80,161006.384
1684771200000,4.77E-5,26863.30,60571.676
1684800000000,1.0E-4,26840.20,195918.323
1684828800000,1.0E-4,27295.80,96197.882
1684857600000,1.0E-4,27310.80,77060.413
1684886400000,1.0E-4,27209.90,177460.764
1684915200000,2.067E-5,26664.20,237197.074
1684944000000,4.362E-5,26306.90,120533.839
1684972800000,5.82E-5,26313.90,135519.197
1685001600000,1.0E-4,26118.90,150480.159
1685030400000,1.0E-4,26216.90,108535.869
1685059200000,1.0E-4,26461.70,73560.887
1685088000000,9.583E-5,26491.20,170714.188
1685116800000,4.953E-5,26737.50,80200.471
1685145600000,7.146E-5,26689.80,36531.764
1685174400000,8.564E-5,26715.20,66944.137
1685203200000,7.362E-5,26682.20,60206.034
1685232000000,9.88E-5,26841.60,130623.393
1685260800000,1.0E-4,27219.00,79718.146
1685289600000,1.0E-4,27264.10,229773.855
1685318400000,1.0E-4,28055.80,164294.916
1685347200000,1.0E-4,27895.00,130202.873
1685376000000,1.0E-4,27622.00,116792.760
1685404800000,6.187E-5,27722.10,82337.447
1685433600000,9.036E-5,27721.10,165882.352
1685462400000,3.861E-5,27665.00,86159.514
1685491200000,2.344E-5,27680.00,195816.040
1685520000000,2.864E-5,27150.40,176215.936
1685548800000,9.865E-5,26900.00,99349.914
1685577600000,2.096E-5,27201.10,160369.275
1685606400000,9.641E-5,26790.10,95291.043
1685635200000,1.0E-4,26884.20,149127.254
1685664000000,4.77E-5,26805.30,147089.588
1685692800000,9.266E-5,27038.30,156734.939
1685721600000,9.946E-5,27081.30,87285.566
1685750400000,7.42E-5,27227.80,42748.315
1685779200000,1.0E-4,27161.40,52437.661
1685808000000,5.566E-5,27292.80,87278.124
1685836800000,4.85E-5,27054.90,48892.809
1685865600000,1.0E-4,27141.00,67913.114
1685894400000,1.0E-4,27167.00,101465.621
1685923200000,1.0E-4,27102.40,132861.525
1685952000000,9.538E-5,26819.20,238303.603
1685980800000,7.856E-5,25991.90,329337.420
1686009600000,-7.157E-5,25714.60,78397.944
1686038400000,-3.047E-5,25706.30,289845.453
1686067200000,4.288E-5,26051.20,363202.252
1686096000000,1.0E-4,27221.50,161383.120
1686124800000,1.0E-4,26786.80,353765.245
1686153600000,4.005E-5,26333.90,144896.172
1686182400000,5.504E-5,26325.90,90600.115
1686211200000,3.09E-5,26431.60,158668.311
1686240000000,4.011E-5,26705.80,83836.413
1686268800000,6.588E-5,26486.00,92873.341
1686297600000,7.916E-5,26482.70,127454.648
1686326400000,4.404E-5,26465.20,63391.209
1686355200000,8.702E-5,26468.20,292915.926
1686384000000,2.417E-5,25637.30,81139.450
1686412800000,3.854E-5,25619.90,234862.193
1686441600000,4.45E-5,25826.60,64205.877
1686470400000,3.197E-5,25728.00,54577.910
1686499200000,5.925E-5,25741.10,160581.776
1686528000000,8.66E-5,25910.00,97456.780
1686556800000,3.065E-5,25793.20,115848.409
1686585600000,3.624E-5,25809.30,85595.279
1686614400000,1.0E-4,25894.80,104486.232
1686643200000,6.18E-5,26060.30,252211.193
1686672000000,6.503E-5,25750.90,77839.329
1686700800000,2.438E-5,25918.00,63385.404
1686729600000,2.716E-5,25884.10,70541.496
1686758400000,3.661E-5,25976.40,330754.702
1686787200000,-3.265E-5,25115.90,109033.844
1686816000000,6.193E-5,24974.60,138927.511
1686844800000,6.687E-5,24948.40,226010.020
1686873600000,3.971E-5,25586.00,83508.399
1686902400000,7.81E-6,25526.10,195038.059
1686931200000,2.36E-6,25832.40,254598.498
1686960000000,9.868E-5,26335.90,144599.319
1686988800000,1.0E-4,26587.70,107719.839
1687017600000,7.543E-5,26399.90,53419.238
1687046400000,3.706E-5,26508.80,67737.542
1687075200000,8.233E-5,26572.00,60818.106
1687104000000,6.705E-5,26547.50,113421.836
1687132800000,7.04E-5,26329.60,51772.884
1687161600000,6.397E-5,26415.20,90544.663
1687190400000,3.69E-5,26431.10,258216.211
1687219200000,4.35E-5,26828.60,137783.735
1687248000000,-4.48E-6,26820.50,156016.562
1687276800000,-2.597E-5,27054.30,464376.000
1687305600000,6.295E-5,28290.70,245413.524
1687334400000,1.0E-4,28860.40,430834.149
1687363200000,2.551E-5,29836.90,447226.754
1687392000000,1.0E-4,29988.50,144267.750
1687420800000,1.0E-4,30094.50,270252.792
1687449600000,9.236E-5,29837.30,146531.200
1687478400000,1.0E-4,29875.00,75578.862
1687507200000,1.0E-4,29926.90,327579.339
1687536000000,1.0E-4,31232.90,295914.870
1687564800000,1.0E-4,30673.50,86460.670
1687593600000,1.0E-4,30563.30,103053.262
1687622400000,1.0E-4,30390.80,90025.356
1687651200000,1.0E-4,30524.20,115582.611
1687680000000,1.0E-4,30714.00,97764.631
1687708800000,1.0E-4,30574.10,88185.912
1687737600000,1.0E-4,30458.00,147713.496
1687766400000,1.0E-4,30395.50,132002.208
1687795200000,1.0E-4,30400.70,135383.652
1687824000000,1.0E-4,30260.10,77658.131
1687852800000,1.0E-4,30404.50,228944.245
1687881600000,1.0E-4,30487.40,99470.972
1687910400000,1.0E-4,30683.20,106456.797
1687939200000,9.302E-5,30176.00,168188.261
1687968000000,4.598E-5,30399.80,142011.376
1687996800000,6.574E-5,30066.30,72131.935
1688025600000,9.3E-5,30333.90,211991.313
1688054400000,1.0E-4,30468.20,97949.598
1688083200000,1.0E-4,30439.90,219240.960
1688112000000,1.0E-4,30759.20,399300.286
1688140800000,1.0E-4,30052.00,190790.059
1688169600000,1.0E-4,30460.20,53309.776
1688198400000,1.0E-4,30448.10,56584.081
1688227200000,1.0E-4,30561.50,25626.389
1688256000000,1.0E-4,30573.60,43662.803
1688284800000,1.0E-4,30504.70,75372.218
1688313600000,1.0E-4,30491.40,112831.167
1688342400000,1.0E-4,30612.70,69400.061
1688371200000,1.0E-4,30662.90,128509.352
1688400000000,1.0E-4,31068.00,172383.823
1688428800000,1.0E-4,31149.00,96664.376
1688457600000,1.0E-4,30902.20,83865.055
1688486400000,1.0E-4,30959.30,120302.829
1688515200000,1.0E-4,30756.10,38005.358
1688544000000,1.0E-4,30765.90,183465.548
1688572800000,1.0E-4,30345.10,73425.672
1688601600000,1.0E-4,30488.40,86853.097
1688630400000,7.72E-5,30792.20,498987.105
1688659200000,1.492E-5,30390.30,135427.017
1688688000000,6.98E-6,29874.30,128647.670
1688716800000,4.221E-5,29992.90,143199.607
1688745600000,-6.58E-6,30375.50,65954.377
1688774400000,3.757E-5,30328.00,46868.927
1688803200000,2.631E-5,30174.80,40747.544
1688832000000,1.686E-5,30196.80,51118.022
1688860800000,5.707E-5,30269.20,42509.251
1688889600000,6.821E-5,30250.00,66197.630
1688918400000,6.153E-5,30336.90,53589.382
1688947200000,-2.182E-5,30147.80,80200.966
1688976000000,4.85E-5,30100.00,99953.727
1689004800000,2.995E-5,30297.50,248960.844
1689033600000,8.01E-5,30396.90,82221.122
1689062400000,8.265E-5,30528.60,137148.434
1689091200000,3.954E-5,30585.50,79535.191
1689120000000,7.041E-5,30608.30,78748.484
1689148800000,6.479E-5,30730.70,232601.346
1689177600000,4.65E-5,30510.10,113708.427
1689206400000,-1.135E-5,30368.90,54960.057
1689235200000,6.12E-5,30355.10,236058.067
1689264000000,5.29E-6,30915.50,405005.386
1689292800000,1.0E-4,31441.60,107683.454
1689321600000,1.0E-4,31095.90,104075.956
1689350400000,1.0E-4,31236.60,326932.836
1689379200000,-7.313E-5,30293.30,48010.707
1689408000000,3.007E-5,30317.70,37003.322
1689436800000,2.984E-5,30290.40,26608.445
1689465600000,1.993E-5,30276.50,63122.049
1689494400000,7.772E-5,30253.00,55880.336
1689523200000,4.583E-5,30365.90,54803.555
1689552000000,2.785E-5,30216.90,35948.848
1689580800000,6.278E-5,30265.20,134220.640
1689609600000,6.261E-5,30163.40,173943.939
1689638400000,3.983E-5,30126.00,62261.298
1689667200000,6.798E-5,29952.00,159456.621
1689696000000,7.477E-5,29895.10,115678.498
1689724800000,1.0E-4,29845.70,87681.014
1689753600000,5.224E-5,29984.10,126590.632
1689782400000,7.69E-5,29939.70,84147.208
1689811200000,2.652E-5,29895.50,77811.544
1689840000000,9.641E-5,30195.60,225552.243
1689868800000,5.563E-5,29792.90,106899.977
1689897600000,2.877E-5,29791.00,65512.395
1689926400000,7.77E-6,29757.80,74764.070
1689955200000,3.717E-5,29852.00,80868.609
1689984000000,2.195E-5,29891.50,44854.602
1690012800000,9.44E-6,29932.90,47266.998
1690041600000,1.77E-6,29883.90,51254.356
1690070400000,2.908E-5,29783.50,64174.024
1690099200000,1.0E-4,29900.90,30402.165
1690128000000,9.372E-5,29885.90,130137.657
1690156800000,1.0E-4,30070.90,112158.133
1690185600000,4.338E-5,29816.40,261725.647
1690214400000,1.0E-4,29085.90,60298.637
1690243200000,7.702E-5,29163.80,45189.730
1690272000000,6.913E-5,29132.30,100988.748
1690300800000,9.465E-5,29167.00,50260.140
1690329600000,9.451E-5,29216.20,74556.905
1690358400000,1.0E-4,29205.40,58869.930
1690387200000,5.768E-5,29307.30,185100.747
1690416000000,3.136E-5,29336.00,49906.456
1690444800000,3.83E-5,29396.90,89338.580
1690473600000,2.876E-5,29278.00,84131.498
1690502400000,4.373E-5,29209.80,42493.407
1690531200000,6.675E-5,29126.90,118327.165
1690560000000,1.0E-4,29379.00,60479.295
1690588800000,1.0E-4,29300.00,28548.142
1690617600000,4.567E-5,29283.00,36679.117
1690646400000,7.53E-5,29284.80,21873.460
1690675200000,8.151E-5,29339.10,20410.826
1690704000000,5.56E-5,29280.10,61162.645
1690732800000,4.357E-5,29337.20,88327.782
1690761600000,2.369E-5,29271.20,69533.418
1690790400000,7.362E-5,29363.80,77449.421
1690819200000,8.239E-5,29231.30,83398.883
1690848000000,6.3E-5,29220.80,127271.547
1690876800000,6.768E-5,28921.20,119240.998
1690905600000,1.0E-4,28943.00,195816.098
1690934400000,1.0E-4,29701.20,178931.568
1690963200000,1.0E-4,29570.20,173082.590
1690992000000,1.0E-4,29312.50,139711.334
1691020800000,1.0E-4,29170.20,53015.020
1691049600000,1.0E-4,29034.00,117624.244
1691078400000,1.0E-4,29244.40,81328.678
1691107200000,8.116E-5,29180.10,43322.202
1691136000000,1.0E-4,29201.60,76230.634
1691164800000,1.0E-4,29258.80,109842.837
1691193600000,4.181E-5,29101.10,27673.657
1691222400000,1.0E-4,29037.90,36634.170
1691251200000,1.0E-4,29032.50,18200.797
1691280000000,1.0E-4,29057.70,19631.788
1691308800000,1.0E-4,29081.30,34804.752
1691337600000,1.0E-4,29001.10,48657.900
1691366400000,1.0E-4,29075.90,52699.566
1691395200000,7.669E-5,29084.70,108685.546
1691424000000,1.0E-4,28853.20,136367.327
1691452800000,1.0E-4,29202.70,51318.375
1691481600000,9.136E-5,29177.00,176852.048
1691510400000,5.944E-5,29517.50,231099.378
1691539200000,8.11E-5,29758.90,77778.041
1691568000000,9.527E-5,29807.80,151684.023
1691596800000,8.877E-5,29749.30,132547.637
1691625600000,1.0E-4,29572.90,52524.767
1691654400000,1.0E-4,29504.00,122526.334
1691683200000,8.277E-5,29452.90,59494.937
1691712000000,1.0E-4,29443.70,37689.892
1691740800000,1.0E-4,29406.80,89766.582
1691769600000,7.123E-5,29382.90,51587.534
1691798400000,1.0E-4,29415.50,18969.236
1691827200000,1.0E-4,29410.20,20659.638
1691856000000,9.305E-5,29426.00,16609.161
1691884800000,1.0E-4,29420.80,21410.757
1691913600000,4.637E-5,29385.60,17241.358
1691942400000,1.0E-4,29362.80,45538.390
1691971200000,1.0E-4,29293.30,90486.740
1692000000000,1.0E-4,29410.40,105381.222
1692028800000,1.0E-4,29592.80,99167.421
1692057600000,1.0E-4,29419.50,28892.668
1692086400000,1.0E-4,29396.90,68929.102
1692115200000,1.0E-4,29315.10,93468.189
1692144000000,1.0E-4,29188.90,43924.827
1692172800000,1.0E-4,29187.00,71564.223
1692201600000,1.0E-4,29097.90,156535.459
1692230400000,1.0E-4,28714.40,128029.507
1692259200000,1.0E-4,28613.10,222150.433
1692288000000,1.0E-4,27920.90,518328.280
1692316800000,1.0E-4,26609.70,154813.143
1692345600000,-4.6E-7,26413.80,179691.845
1692374400000,5.166E-5,25993.10,187870.328
1692403200000,-2.74E-6,26042.00,67274.080
1692432000000,-3.22E-6,25906.70,77221.582
1692460800000,-5.286E-5,26201.00,57723.491
1692489600000,-3.069E-5,26088.40,31154.713
1692518400000,-4.364E-5,26073.60,60099.933
1692547200000,-1.93E-6,26095.00,49835.204
1692576000000,-2.797E-5,26175.90,51580.600
1692604800000,8.16E-6,26011.90,121898.470
1692633600000,-1.619E-5,25925.10,59026.195
1692662400000,-3.08E-6,26115.40,34257.465
1692691200000,-1.928E-5,26091.70,60101.968
1692720000000,3.048E-5,25923.00,218754.143
1692748800000,7.39E-6,26044.50,71924.815
1692777600000,-1.02E-5,26045.30,120833.639
1692806400000,3.247E-5,26134.30,220210.574
1692835200000,-2.822E-5,26419.20,53161.307
1692864000000,2.506E-5,26460.80,134220.663
1692892800000,4.9E-5,25987.30,99371.367
1692921600000,-6.59E-6,26164.60,49993.647
1692950400000,2.802E-5,25969.40,161351.631
1692979200000,5.218E-5,25917.30,63485.216
1693008000000,3.82E-5,26051.70,21998.803
1693036800000,5.334E-5,26039.80,25697.415
1693065600000,2.096E-5,26040.20,16229.644
1693094400000,9.9E-7,26004.30,17423.074
1693123200000,3.976E-5,26028.50,35341.257
1693152000000,1.232E-5,26110.90,33741.067
1693180800000,-3.95E-6,26087.60,57246.897
1693209600000,4.424E-5,25923.10,95622.114
1693238400000,4.524E-5,26093.40,67123.040
1693267200000,8.24E-6,26106.50,42981.896
1693296000000,3.769E-5,25992.10,396011.652
1693324800000,-1.0934E-4,27411.40,261240.398
1693353600000,4.868E-5,27700.10,89400.442
1693382400000,5.731E-5,27427.10,161412.842
1693411200000,3.944E-5,27191.90,64500.632
1693440000000,2.909E-5,27290.40,32638.773
1693468800000,6.859E-5,27249.20,155936.466
1693497600000,8.105E-5,26909.40,314331.038
1693526400000,2.583E-5,25928.00,45868.285
1693555200000,5.968E-5,25975.30,142408.354
1693584000000,6.254E-5,25798.00,172908.285
1693612800000,4.998E-5,25795.60,25860.967
1693641600000,1.937E-5,25783.90,50276.818
1693670400000,-2.018E-5,25880.10,31505.079
1693699200000,4.839E-5,25855.80,21425.740
1693728000000,2.35E-6,25941.50,54401.092
1693756800000,2.89E-5,25858.20,57190.000
1693785600000,2.69E-5,25962.10,36597.022
1693814400000,1.469E-5,25953.80,74669.121
1693843200000,-1.059E-5,25803.90,61881.730
1693872000000,5.3E-7,25814.00,50839.960
1693900800000,1.975E-5,25724.70,96423.586
1693929600000,3.366E-5,25747.90,39376.399
1693958400000,1.737E-5,25779.70,30892.444
1693987200000,-2.763E-5,25715.10,72674.395
1694016000000,2.135E-5,25576.30,147555.821
1694044800000,3.83E-5,25747.40,29200.922
1694073600000,3.883E-5,25751.00,64333.323
1694102400000,6.924E-5,25766.70,163815.657
1694131200000,-1.525E-5,26240.70,70294.386
1694160000000,5.12E-6,26244.00,129414.159
1694188800000,-1.691E-5,25829.90,49561.216
1694217600000,-5.057E-5,25899.90,20978.664
1694246400000,-3.77E-6,25871.00,30009.479
1694275200000,1.423E-5,25881.90,16921.667
1694304000000,-7.3E-7,25892.60,31219.449
1694332800000,3.294E-5,25843.10,37009.883
1694361600000,2.609E-5,25764.10,94743.081
1694390400000,-3.0E-6,25828.40,57761.389
1694419200000,1.823E-5,25801.40,262943.739
1694448000000,1.838E-5,25102.40,106511.246
1694476800000,2.73E-5,25150.40,204946.926
1694505600000,5.425E-5,25810.20,212373.452
1694534400000,-3.502E-5,26192.30,174729.300
1694563200000,2.342E-5,25825.80,80182.915
1694592000000,1.26E-5,25865.70,164938.447
1694620800000,3.099E-5,26229.20,90131.356
1694649600000,4.61E-6,26209.90,108294.297
1694678400000,3.428E-5,26332.20,179043.755
1694707200000,-4.748E-5,26680.00,93328.419
1694736000000,-2.641E-5,26510.30,48419.061
1694764800000,-7.61E-6,26554.40,112810.972
1694793600000,7.561E-5,26311.10,90426.737
1694822400000,-1.381E-5,26591.10,65155.136
1694851200000,-4.32E-5,26486.00,46983.219
1694880000000,-3.161E-5,26493.60,28344.110
1694908800000,8.97E-6,26547.00,37108.621
1694937600000,1.142E-5,26482.60,33764.433
1694966400000,6.49E-6,26536.90,43366.340
1694995200000,-5.08E-6,26514.20,93901.005
1695024000000,5.79E-6,26701.80,217496.241
1695052800000,-6.774E-5,27258.80,161141.786
1695081600000,2.468E-5,26749.90,47609.834
1695110400000,-1.972E-5,26836,274653.142
1695139200000,-1.756E-5,27413.30,111248.771
1695168000000,-2.614E-5,27195.90,88542.320
1695196800000,-3.777E-5,27089.50,107291.703
1695225600000,-9.91E-6,27168.70,153087.424
1695254400000,-2.9E-7,27107.70,53829.387
1695283200000,4.303E-5,26978.40,208481.151
1695312000000,7.429E-5,26567.60,55682.331
1695340800000,-6.2E-7,26552.60,59857.503
1695369600000,1.034E-5,26660.90,66980.348
1695398400000,2.136E-5,26619.90,46696.797
1695427200000,6.676E-5,26566.70,22491.220
1695456000000,1.556E-5,26571.90,16020.665
1695484800000,2.09E-6,26567.40,19324.599
1695513600000,-1.392E-5,26563,12923.538
1695542400000,4.721E-5,26552.40,19226.579
1695571200000,2.887E-5,26566,114482.656
1695600000000,-1.26E-5,26232.40,99464.016
1695628800000,8.565E-5,26176.70,92035.474
1695657600000,4.792E-5,26231,76886.346
1695686400000,-3.91E-5,26290.50,36166.758
1695715200000,-1.215E-5,26256.30,84478.431
1695744000000,5.626E-5,26114.80,59845.980
1695772800000,9.944E-5,26208.70,29245.164
1695801600000,3.378E-5,26233.40,258773.715
1695830400000,2.074E-5,26293.40,64983.961
1695859200000,6.74E-6,26359.60,78617.192
1695888000000,-1.581E-5,26445.70,177839.389
1695916800000,-4.732E-5,27012.30,173131.277
1695945600000,-3.894E-5,27011.70,81962.398
1695974400000,-2.567E-5,27167.90,147975.909
1696003200000,4.76E-6,26874.90,47459.336
1696032000000,6.43E-6,26890.90,20004.402
1696060800000,1.864E-5,26915.90,42398.914
1696089600000,1.525E-5,26986.20,29913.838
1696118400000,2.95E-6,26951,30723.980
1696147200000,-6.19E-6,27092.10,69103.317
1696176000000,-2.263E-5,27135.80,140555.649
1696204800000,5.831E-5,27981.40,146334.874
1696233600000,7.28E-6,28299.20,227765.674
1696262400000,-1.477E-5,28015,219177.172
1696291200000,4.172E-5,27477.70,63313.442
1696320000000,1.667E-5,27528,123514.995
1696348800000,2.5E-5,27332.10,96249.462
1696377600000,6.031E-5,27412,75293.980
1696406400000,6.2E-5,27442,98620.093
1696435200000,-2.857E-5,27388.30,106870.249
1696464000000,-3.807E-5,27759.70,58108.140
1696492800000,-4.268E-5,27595.40,209068.978
1696521600000,-2.302E-5,27540,103012.969
1696550400000,-1.106E-5,27398.30,57709.432
1696579200000,1.436E-5,27626.80,245076.233
1696608000000,-3.149E-5,27926.60,135660.239
1696636800000,2.124E-5,27916.30,40232.120
1696665600000,2.849E-5,27878.10,46690.091
1696694400000,2.083E-5,27926.50,30126.934
1696723200000,3.14E-6,27943,51377.299
1696752000000,9.74E-6,27892.40,81396.078
1696780800000,5.163E-5,27883.50,45606.930
1696809600000,3.992E-5,27901.20,45272.525
1696838400000,3.515E-5,27804.60,154235.921
1696867200000,7.838E-5,27433.10,114808.135
1696896000000,6.349E-5,27578.40,43229.004
1696924800000,1.894E-5,27634.90,125263.305
1696953600000,4.548E-5,27395.60,71287.187
1696982400000,5.918E-5,27381.30,110123.080
1697011200000,8.33E-5,27012.70,157192.203
1697040000000,6.319E-5,26769.20,120871.288
1697068800000,1.0E-4,26864.50,53202.798
1697097600000,2.661E-5,26799.30,93528.474
1697126400000,7.304E-5,26665.40,73547.768
1697155200000,2.294E-5,26744,46540.037
1697184000000,2.039E-5,26857.90,78871.649
1697212800000,2.326E-5,26692.90,117810.468
1697241600000,1.05E-6,26849.70,34405.412
1697270400000,2.211E-5,26860.40,22648.109
1697299200000,2.456E-5,26927.90,25111.260
1697328000000,-1.509E-5,26836.40,15179.170
1697356800000,4.292E-5,26872.70,36409.661
1697385600000,2.224E-5,26885.70,108411.631
1697414400000,5.11E-6,27139.80,165752.356
1697443200000,2.8E-7,27837.20,512099.838
1697472000000,9.644E-5,28054.10,145151.588
1697500800000,2.04E-6,28486.30,89685.139
1697529600000,1.493E-5,28408.10,152576.002
1697558400000,-2.311E-5,28445.70,71928.617
1697587200000,-3.343E-5,28382,124782.104
1697616000000,-1.216E-5,28485.10,114211.563
1697644800000,1.644E-5,28235.40,58182.961
1697673600000,-1.028E-5,28307.20,57616.636
1697702400000,-6.24E-6,28314.90,152153.540
1697731200000,-1.1006E-4,28659.50,123903.031
1697760000000,-9.272E-5,28697,176178.516
1697788800000,1.938E-5,29228.60,302705.177
1697817600000,2.687E-5,29538.70,72121.634
1697846400000,-1.585E-5,29653,53350.564
1697875200000,4.374E-5,29681.10,81457.694
1697904000000,5.827E-5,29916.40,123387.698
1697932800000,2.567E-5,29895.40,88706.820
1697961600000,2.579E-5,29800.40,58686.740
1697990400000,3.115E-5,29815.30,51209.198
1698019200000,8.25E-5,29981.40,238542.086
1698048000000,9.59E-5,30508,157199.863
1698076800000,6.48E-6,30864.10,591999.587
1698105600000,1.0E-4,33074,402188.978
1698134400000,1.0E-4,34025.80,313546.232
1698163200000,1.0E-4,33673.90,206257.853
1698192000000,1.0E-4,33917,111704.532
1698220800000,1.0E-4,33853.40,207038.130
1698249600000,1.0E-4,34841.50,146624.482
1698278400000,1.0E-4,34487.80,78343.517
1698307200000,1.0E-4,34648.60,179468.200
1698336000000,1.0E-4,34050.10,81741.247
1698364800000,1.0E-4,34154,75775.115
1698393600000,1.0E-4,33954,102427.804
1698422400000,1.0E-4,34010.80,99850.059
1698451200000,1.0E-4,33893.20,40948.009
1698480000000,1.0E-4,34057.20,75847.116
1698508800000,1.0E-4,34200,21519.807
1698537600000,1.0E-4,34086.70,28638.823
1698566400000,1.0E-4,34086.10,75667.534
1698595200000,1.0E-4,34462.60,71591.193
1698624000000,1.0E-4,34528.60,64394.560
1698652800000,1.0E-4,34191.80,131461.907
1698681600000,1.0E-4,34664.50,85984.881
1698710400000,1.0E-4,34483.80,70250.347
1698739200000,1.0E-4,34151.90,117932.718
1698768000000,1.0E-4,34290.30,84267.502
1698796800000,1.0E-4,34651.40,46989.709
1698825600000,1.0E-4,34464,215075.368
1698854400000,1.0E-4,34296.90,207149.710
1698883200000,1.0E-4,35437.50,152208.564
1698912000000,1.0E-4,35280.60,151068.105
1698940800000,1.0E-4,34645.10,106945.058
1698969600000,1.0E-4,34940.10,85874.534
1698998400000,1.0E-4,34469.90,139951.491
1699027200000,1.0E-4,34759.50,80222.174
1699056000000,1.0E-4,34700.50,56830.657
1699084800000,1.0E-4,34759.20,33241.920
1699113600000,1.0E-4,34709.90,50674.297
1699142400000,1.0E-4,35069.70,58658.761
1699171200000,1.0E-4,35175.50,65092.507
1699200000000,1.0E-4,34893.90,107612.071
1699228800000,1.0E-4,35025.50,51629.286
1699257600000,1.0E-4,34918.50,95391.150
1699286400000,1.0E-4,35094.50,55206.779
1699315200000,1.0E-4,35057.50,40474.632
1699344000000,1.0E-4,34947.30,101473.458
1699372800000,1.0E-4,34728.50,201577.860
1699401600000,1.0E-4,35406.50,46984.019
1699430400000,1.0E-4,35239.50,75481.318
1699459200000,1.0E-4,35231.40,212314.112
1699488000000,1.0E-4,35626.70,193302.043
1699516800000,1.0E-4,36550.60,318409.833
1699545600000,2.0027E-4,37141.50,267166.061
1699574400000,1.0E-4,36719.60,67124.735
1699603200000,1.1682E-4,36480.30,129362.305
1699632000000,1.0E-4,37092.60,90833.557
1699660800000,1.0E-4,37330.30,57840.622
1699689600000,1.6607E-4,37030.50,46944.093
1699718400000,1.4648E-4,37071.50,54454.569
1699747200000,1.543E-4,37162.10,45812.618
1699776000000,2.3487E-4,37154.10,39679.758
1699804800000,2.7221E-4,37178.30,33397.669
1699833600000,3.2467E-4,37085.60,78078.864
1699862400000,1.0893E-4,36982.50,88327.931
1699891200000,2.0492E-4,36871.70,90668.853
1699920000000,1.7382E-4,36486.20,59697.696
1699948800000,1.6369E-4,36705.50,151702.166
1699977600000,1.4477E-4,36168.80,185865.938
1700006400000,1.0E-4,35559.10,43307.841
1700035200000,1.0E-4,35597.80,120217.185
1700064000000,1.0E-4,36412.20,260293.544
1700092800000,1.0E-4,37885.50,81446.374
1700121600000,1.5199E-4,37460.60,187636.446
1700150400000,1.2014E-4,36423.30,165361.546
1700179200000,1.0E-4,36176,73375.378
1700208000000,1.0E-4,36251.90,123092.247
1700236800000,1.0E-4,36059.10,123475.426
1700265600000,1.0E-4,36621.90,34704.604
1700294400000,1.0E-4,36429,39503.089
1700323200000,1.0E-4,36672,47513.229
1700352000000,1.0E-4,36580.90,28486.136
1700380800000,1.0E-4,36624,39275.258
1700409600000,1.0E-4,36575.10,86951.613
1700438400000,1.0E-4,37375.80,54020.744
1700467200000,1.0E-4,37261,114277.237
1700496000000,1.0E-4,37475,142206.056
1700524800000,1.0E-4,37462.60,49981.499
1700553600000,1.0E-4,37297.10,184346.171
1700582400000,1.0E-4,36975.80,216403.490
1700611200000,1.0E-4,35737,82891.616
1700640000000,1.0E-4,36430.70,92847.291
1700668800000,1.0E-4,36480.60,162450.711
1700697600000,1.0E-4,37413.50,41350.813
1700726400000,1.0E-4,37378.50,96476.108
1700755200000,1.0E-4,36954.10,47543.010
1700784000000,1.0E-4,37294.40,34306.787
1700812800000,1.0E-4,37531.10,210968.766
1700841600000,1.0E-4,38217.30,105756.170
1700870400000,1.0E-4,37706.30,26934.379
1700899200000,1.0E-4,37795,31491.622
1700928000000,1.0E-4,37697.70,24163.328
1700956800000,1.0E-4,37766.70,15794.481
1700985600000,1.0E-4,37773.50,71585.558
1701014400000,1.0E-4,37418,86378.605
1701043200000,1.0E-4,37437.90,56362.123
1701072000000,1.0E-4,37272,126746.092
1701100800000,1.0E-4,36743.30,83004.484
1701129600000,1.0E-4,37234.40,53597.153
1701158400000,1.0E-4,37087.20,80358.130
1701187200000,1.0E-4,37502.10,184471.044
1701216000000,1.0E-4,37812,56814.378
1701244800000,1.0E-4,38095.70,143095.518
1701273600000,1.0E-4,37817.60,61721.985
1701302400000,1.0E-4,37837.20,51880.064
1701331200000,1.0E-4,37783.10,102615.521
1701360000000,1.0E-4,37613.90,36693.286
1701388800000,1.0E-4,37716.90,90770.661
1701417600000,1.0E-4,38234.90,146215.203
1701446400000,1.0E-4,38401.40,105376.130
1701475200000,9.95E-5,38659.90,31810.046
1701504000000,6.973E-5,38683.90,34382.823
1701532800000,8.541E-5,38786.90,147017.442
1701561600000,1.0E-4,39435.10,36782.266
1701590400000,1.0E-4,39474.10,72245.296
1701619200000,1.0E-4,39758.50,112890.343
1701648000000,1.0E-4,39979.80,226265.010
1701676800000,1.0E-4,41471.90,235384.739
1701705600000,1.0E-4,41280.90,140843.110
1701734400000,1.0E-4,41993.10,76743.918
1701763200000,1.0E-4,41534.30,132384.719
1701792000000,1.0E-4,42266.80,365909.404
1701820800000,1.0E-4,44081.70,101894.148
1701849600000,1.0E-4,43697.10,195571.270
1701878400000,1.0E-4,43795.30,86492.320
1701907200000,1.0E-4,43775.10,39279.201
1701936000000,1.0E-4,43899.40,209714.368
1701964800000,1.0E-4,43680,97428.389
1701993600000,1.0E-4,43296,52724.770
1702022400000,2.3288E-4,43184.60,114498.407
1702051200000,2.0242E-4,43778.60,114657.416
1702080000000,1.1504E-4,44209.60,45599.829
1702108800000,3.0159E-4,44220.70,89233.644
1702137600000,1.7192E-4,44088,54506.183
1702166400000,2.0724E-4,43734.20,32597.930
1702195200000,2.0383E-4,43995.80,61784.831
1702224000000,2.3923E-4,43945.30,50165.498
1702252800000,1.473E-4,43810.10,267693.123
1702281600000,1.0E-4,42128.10,110740.017
1702310400000,1.0E-4,41824.60,242320.299
1702339200000,1.0E-4,41271.10,103158.568
1702368000000,1.0E-4,41930,128535.149
1702396800000,1.0E-4,41376.70,124847.401
1702425600000,1.1909E-4,41514.90,105146.071
1702454400000,1.0162E-4,41146.30,102457.967
1702483200000,1.2601E-4,41960,189106.258
1702512000000,1.0E-4,42875,63661.125
1702540800000,1.0E-4,42910.20,188019.885
1702569600000,1.0E-4,42454.10,109947.315
1702598400000,1.0E-4,43032.30,63008.610
1702627200000,1.0E-4,42724.80,117125.663
1702656000000,1.0E-4,41930.40,77042.740
1702684800000,1.0E-4,41968,58208.813
1702713600000,1.0E-4,42243,51467.643
1702742400000,1.0E-4,42631.60,50873.003
1702771200000,1.0E-4,42287.40,56781.007
1702800000000,1.0E-4,41894.60,65957.538
1702828800000,1.0E-4,41828.50,101984.306
1702857600000,1.3355E-4,41396.60,89879.169
1702886400000,1.0E-4,41160.00,162391.566
1702915200000,1.5611E-4,41288.00,123114.940
1702944000000,1.0E-4,42671.80,103803.547
1702972800000,1.0E-4,43062.10,108539.386
1703001600000,1.0E-4,42512.90,102968.911
1703030400000,1.0506E-4,42298.20,68958.466
1703059200000,1.0E-4,42950.00,173285.165
1703088000000,2.3637E-4,44078.90,134765.292
1703116800000,2.7143E-4,43708.90,61559.128
1703145600000,2.9216E-4,43794.90,128151.063
1703174400000,2.8948E-4,43857.70,87211.964
1703203200000,3.0806E-4,43896.40,97807.369
1703232000000,2.961E-4,43614.00,86191.080
1703260800000,1.8011E-4,43699.90,54343.484
1703289600000,1.6285E-4,43999.20,56887.778
1703318400000,1.0E-4,43582.10,37740.368
1703347200000,1.5066E-4,43782.00,26164.053
1703376000000,1.0E-4,43725.20,48086.441
1703404800000,2.079E-4,43678.70,43149.184
1703433600000,1.9729E-4,43707.10,88731.626
1703462400000,1.0E-4,43008.40,47216.314
1703491200000,1.0E-4,43233.30,81763.130
1703520000000,3.7908E-4,43661.00,55230.830
1703548800000,4.3391E-4,43611.90,91511.472
1703577600000,2.3757E-4,42798.70,91346.833
1703606400000,2.9559E-4,42423.10,112725.373
1703635200000,2.7621E-4,42538.60,45651.022
1703664000000,3.7942E-4,42496.00,120820.839
1703692800000,3.2304E-4,43010.00,84879.677
1703721600000,1.3021E-4,43453.80,87611.360
1703750400000,3.7879E-4,43087.30,100400.654
1703779200000,5.0152E-4,42485.90,69503.168
1703808000000,5.517E-4,42600.10,87127.035
1703836800000,4.9912E-4,42314.50,108713.759
1703865600000,4.7082E-4,42301.60,141581.071
1703894400000,3.3033E-4,42095.10,40091.750
1703923200000,4.358E-4,41987.10,83473.869
1703952000000,3.7842E-4,42410.40,60325.051
1703980800000,2.7855E-4,42174.30,52336.813
1704009600000,3.4573E-4,42567.00,67521.635
1704038400000,3.3597E-4,42489.60,53649.841
1704067200000,3.7409E-4,42314.00,49159.997
1704096000000,2.7213E-4,42527.10,44386.229
1704124800000,3.3601E-4,42818.00,112877.918
1704153600000,6.5846E-4,44230.30,177167.180
1704182400000,3.5179E-4,45495.60,172072.992
1704211200000,5.373E-4,45215.00,110558.351
1704240000000,2.1159E-4,44979.70,54297.288
1704268800000,1.7123E-4,45030.50,387480.268
1704297600000,1.0E-4,43014.00,154077.669
1704326400000,1.0E-4,42849.50,67052.419
1704355200000,1.0E-4,42775.10,130884.953
1704384000000,1.0E-4,44050.40,135985.726
1704412800000,1.0E-4,44143.80,129314.446
1704441600000,1.0E-4,43769.60,136299.038
1704470400000,1.0E-4,43495.10,109354.307
1704499200000,1.0E-4,44145.30,54567.604
1704528000000,1.0E-4,43645.40,40252.511
1704556800000,1.0E-4,43863.60,43722.682
1704585600000,1.0E-4,43956.60,42302.857
1704614400000,1.0E-4,44071.60,70083.704
1704643200000,1.0E-4,44034.90,68324.153
1704672000000,1.0E-4,43916.90,101892.559
1704700800000,1.0E-4,43969.90,173017.550
1704729600000,1.0E-4,44969.70,220177.874
1704758400000,1.0E-4,46972.60,87841.583
1704787200000,1.0E-4,46841.00,164849.447
1704816000000,1.0E-4,46868.90,260671.743
1704844800000,1.0E-4,46113.90,58436.547
1704873600000,1.0E-4,45766.30,203782.382
1704902400000,1.0E-4,45569.40,406438.545
1704931200000,1.0E-4,46663.00,82926.450
1704960000000,1.0E-4,46096.10,328831.371
1704988800000,1.0E-4,46813.40,184940.558
1705017600000,1.0E-4,46337.90,72978.000
1705046400000,1.0E-4,46002.60,170185.588
1705075200000,1.0E-4,44495.10,332779.670
1705104000000,1.0E-4,42789.00,72891.556
1705132800000,1.0E-4,43102.10,87613.364
1705161600000,1.0E-4,43159.90,47232.406
1705190400000,1.0E-4,42846.40,37979.307
1705219200000,1.0E-4,43012.80,36918.362
1705248000000,1.0E-4,42908.40,106199.299
1705276800000,1.0E-4,41734.90,62194.290
1705305600000,1.0E-4,42713.10,78360.646
1705334400000,1.0E-4,42278.70,99504.205
1705363200000,1.0E-4,42515.00,42118.632
1705392000000,1.0E-4,42788.50,153865.903
1705420800000,1.0E-4,43251.00,91222.698
1705449600000,1.0E-4,43133.00,45150.164
1705478400000,1.0E-4,42654.00,93981.802
1705507200000,1.0E-4,42478.20,70264.115
1705536000000,1.0E-4,42783.30,35017.613
1705564800000,1.0E-4,42918.30,75726.156
1705593600000,1.0E-4,42619.00,224336.987
1705622400000,1.0E-4,41323.20,68148.419
1705651200000,1.0E-4,41281.90,95685.377
1705680000000,1.0E-4,40897.10,182107.934
1705708800000,1.0E-4,41662.10,31070.949
1705737600000,1.0E-4,41652.40,39291.947
1705766400000,1.0E-4,41570.20,25503.166
1705795200000,1.0E-4,41691.80,14425.225
1705824000000,1.0E-4,41648.50,28672.017
1705852800000,1.0E-4,41652.70,23938.310
1705881600000,1.0E-4,41579.90,92215.033
1705910400000,1.0E-4,41042.70,151329.681
1705939200000,1.0E-4,40775.00,215479.392
1705968000000,1.0E-4,39567.10,57769.456
1705996800000,1.0E-4,39773.90,229402.505
1706025600000,1.0E-4,39197.50,127201.425
1706054400000,1.0E-4,39889.90,81430.174
1706083200000,1.0E-4,39979.50,110826.045
1706112000000,1.0E-4,40046.70,80497.952
1706140800000,1.0E-4,40078.80,41139.274
1706169600000,1.0E-4,40119.60,91890.746
1706198400000,1.0E-4,39793.60,70698.659
1706227200000,1.0E-4,39953.30,44439.701
1706256000000,1.0E-4,39956.00,189221.481
1706284800000,1.0E-4,41399.80,121757.296
1706313600000,8.966E-5,41806.40,33916.634
1706342400000,1.0E-4,41699.00,47173.515
1706371200000,8.3E-5,41797.50,37346.965
1706400000000,1.0E-4,42102.20,80787.083
1706428800000,4.725E-5,42370.00,61271.966
1706457600000,1.0E-4,42244.50,63677.404
1706486400000,1.0E-4,42021.20,52038.153
1706515200000,9.142E-5,42040.00,84309.695
1706544000000,1.0E-4,42623.10,113154.262
1706572800000,1.0E-4,43287.60,70087.725
1706601600000,9.492E-5,43346.70,103953.799
1706630400000,5.149E-5,43355.40,83541.260
1706659200000,2.154E-5,42918.30,49376.251
1706688000000,1.0E-4,43031.50,121790.665
1706716800000,1.0E-4,43341.90,141902.194
1706745600000,1.0E-4,42560.50,77164.161
1706774400000,1.0E-4,42182.30,98516.867
1706803200000,1.0E-4,42500.00,98640.079
1706832000000,1.0E-4,43072.60,47152.298
1706860800000,1.0E-4,43076.00,92201.727
1706889600000,1.0E-4,43222.90,66413.549
1706918400000,7.627E-5,43182.00,28355.328
1706947200000,9.042E-5,43037.10,31876.278
1706976000000,8.028E-5,43097.50,29503.614
1707004800000,8.307E-5,42992.40,28007.218
1707033600000,8.846E-5,42822.80,37328.477
1707062400000,1.0E-4,42926.70,62085.853
1707091200000,1.0E-4,42570.30,61901.674
1707120000000,1.0E-4,43058.90,103300.183
1707148800000,1.0E-4,42629.70,75453.692
1707177600000,1.0E-4,42692.90,43293.709
1707206400000,6.723E-5,42870.00,93943.457
1707235200000,1.0E-4,43232.00,58920.477
1707264000000,7.527E-5,43079.10,37858.930
1707292800000,5.373E-5,42904.90,70939.277
1707321600000,8.306E-5,43057.70,143259.501
1707350400000,1.0E-4,44326.30,75359.412
1707379200000,6.535E-5,44500.80,131980.659
1707408000000,2.59E-5,45406.40,92398.217
1707436800000,3.16E-5,45269.20,117333.929
1707465600000,1.0E-4,46185.10,254910.045
1707494400000,9.801E-5,47137.00,147675.445
1707523200000,8.041E-5,47116.10,39197.415
1707552000000,1.0E-4,47130.60,58866.359
1707580800000,1.0E-4,47331.90,81562.830
1707609600000,1.0E-4,47732.60,85971.763
1707638400000,1.0E-4,48169.50,67093.287
1707667200000,1.0E-4,48140.70,56886.576
1707696000000,1.0E-4,48303.40,87768.843
1707724800000,1.0E-4,48213.00,179799.912
1707753600000,1.0E-4,49925.50,183326.447
1707782400000,1.0E-4,49943.60,63875.161
1707811200000,1.0E-4,50019.80,209977.151
1707840000000,1.0E-4,48753.20,108495.773
1707868800000,1.0E-4,49696.40,49895.028
1707897600000,1.0E-4,49844.90,260020.664
1707926400000,1.2283E-4,51616.50,85276.099
1707955200000,1.0E-4,51823.10,115982.099
1707984000000,1.0E-4,51802.50,163923.132
1708012800000,1.0E-4,51968.60,112819.372
1708041600000,1.0E-4,51898.40,61817.909
1708070400000,1.0E-4,51786.40,138463.178
1708099200000,1.0E-4,51909.20,59538.706
1708128000000,1.0E-4,52148.70,23753.844
1708156800000,1.0E-4,51933.90,128320.750
1708185600000,1.6041E-4,51013.40,70267.411
1708214400000,1.724E-4,51679.50,48962.404
1708243200000,1.5305E-4,51703.70,55862.304
1708272000000,1.7095E-4,51809.00,61811.718
1708300800000,2.3064E-4,52175.90,55934.030
1708329600000,1.9594E-4,52424.00,67258.898
1708358400000,1.3327E-4,52157.50,73195.050
1708387200000,1.0461E-4,51813.70,60343.565
1708416000000,1.0912E-4,51869.20,205612.211
1708444800000,2.0259E-4,51712.70,122957.288
1708473600000,1.0E-4,52297.30,54515.784
1708502400000,1.1242E-4,51599.90,156855.244
1708531200000,1.0E-4,51183.60,96756.273
1708560000000,1.0E-4,51877.90,61317.410
1708588800000,1.348E-4,51860.60,103411.234
1708617600000,1.2557E-4,51630.00,79416.003
1708646400000,1.0E-4,51316.90,55536.062
1708675200000,1.0E-4,50952.30,91172.214
1708704000000,1.2991E-4,50938.20,68766.286
1708732800000,1.0E-4,50771.90,35328.010
1708761600000,1.0E-4,51099.80,21557.472
1708790400000,1.0E-4,51124.70,48058.975
1708819200000,1.1438E-4,51602.10,37532.550
1708848000000,1.5012E-4,51756.90,33957.067
1708876800000,1.5062E-4,51547.90,50687.643
1708905600000,2.6761E-4,51764.90,30899.081
1708934400000,2.1567E-4,51327.50,138630.774
1708963200000,2.7227E-4,52872.20,223936.376
1708992000000,3.2262E-4,54511.70,200821.493
1709020800000,7.3521E-4,56100.10,183739.153
1709049600000,2.2965E-4,56775.10,126914.889
1709078400000,2.6729E-4,57074.50,81557.409
1709107200000,2.3682E-4,58299.90,402749.495
1709136000000,5.3538E-4,61000.00,525811.538
1709164800000,6.9091E-4,62487.90,172489.665
1709193600000,7.6337E-4,62761.60,179468.074
1709222400000,5.7031E-4,62809.10,232756.144
