calc_time,funding_interval_hours,last_funding_rate
1654041600000,8,0.00010000
1654070400011,8,0.00010000
1654099200000,8,0.00010000
1654128000000,8,-0.00001452
1654156800006,8,0.00002265
1654185600021,8,0.00002107
1654214400016,8,-0.00003378
1654243200016,8,-0.00001456
1654272000012,8,0.00006937
1654300800005,8,0.00000270
1654329600000,8,0.00004795
1654358400007,8,0.00005506
1654387200005,8,0.00004358
1654416000015,8,0.00002828
1654444800000,8,0.00004753
1654473600000,8,0.00006036
1654502400017,8,0.00009656
1654531200000,8,0.00010000
1654560000000,8,0.00010000
1654588800011,8,-0.00010234
1654617600000,8,-0.00003705
1654646400008,8,0.00010000
1654675200020,8,0.00010000
1654704000012,8,0.00010000
1654732800000,8,0.00010000
1654761600000,8,0.00009106
1654790400000,8,0.00010000
1654819200009,8,0.00010000
1654848000000,8,0.00009289
1654876800006,8,0.00003503
1654905600018,8,0.00001762
1654934400014,8,0.00000379
1654963200000,8,0.00006606
1654992000015,8,0.00010000
1655020800019,8,0.00000563
1655049600010,8,0.00000439
1655078400009,8,0.00005616
1655107200000,8,-0.00003182
1655136000007,8,-0.00000580
1655164800013,8,0.00004088
1655193600008,8,-0.00010037
1655222400006,8,-0.00005186
1655251200000,8,-0.00002077
1655280000016,8,-0.00007240
1655308800008,8,-0.00000666
1655337600009,8,-0.00004114
1655366400016,8,0.00004475
1655395200000,8,-0.00005277
1655424000008,8,-0.00002222
1655452800003,8,-0.00009486
1655481600000,8,0.00005092
1655510400020,8,0.00007356
1655539200025,8,0.00004575
1655568000014,8,0.00005227
1655596800012,8,0.00004243
1655625600012,8,-0.00004559
1655654400008,8,0.00007239
1655683200016,8,0.00000873
1655712000000,8,-0.00000540
1655740800013,8,0.00006080
1655769600012,8,0.00010000
1655798400018,8,0.00004967
1655827200010,8,0.00002028
1655856000000,8,0.00000178
1655884800001,8,-0.00002982
1655913600012,8,-0.00001640
1655942400000,8,-0.00000872
1655971200000,8,-0.00001577
1656000000016,8,-0.00002656
1656028800005,8,0.00006006
1656057600004,8,0.00010000
1656086400018,8,0.00010000
1656115200001,8,0.00002621
1656144000010,8,0.00010000
1656172800000,8,0.00010000
1656201600002,8,0.00010000
1656230400016,8,0.00010000
1656259200006,8,0.00000669
1656288000008,8,0.00007820
1656316800000,8,0.00003533
1656345600016,8,0.00006102
1656374400016,8,-0.00002586
1656403200001,8,-0.00005613
1656432000005,8,0.00002435
1656460800000,8,0.00004188
1656489600013,8,0.00008335
1656518400000,8,0.00005319
1656547200000,8,0.00000324
1656576000000,8,-0.00005159
1656604800000,8,-0.00015879
1656633600001,8,-0.00008786
1656662400017,8,0.00003106
1656691200005,8,-0.00008061
1656720000000,8,-0.00002913
1656748800000,8,0.00005218
1656777600008,8,0.00002120
1656806400015,8,0.00003570
1656835200004,8,0.00004779
1656864000005,8,0.00007251
1656892800021,8,0.00007792
1656921600001,8,0.00004630
1656950400000,8,0.00002248
1656979200000,8,0.00005291
1657008000000,8,0.00010000
1657036800015,8,0.00000120
1657065600006,8,0.00010000
1657094400000,8,0.00010000
1657123200000,8,0.00008373
1657152000010,8,0.00005274
1657180800010,8,0.00010000
1657209600011,8,0.00010000
1657238400008,8,0.00000212
1657267200009,8,0.00010000
1657296000000,8,0.00010000
1657324800000,8,0.00010000
1657353600000,8,0.00010000
1657382400009,8,0.00006143
1657411200001,8,0.00009962
1657440000002,8,0.00010000
1657468800001,8,0.00010000
1657497600000,8,0.00004543
1657526400003,8,0.00007236
1657555200001,8,0.00008500
1657584000000,8,0.00008003
1657612800021,8,0.00006433
1657641600000,8,0.00002667
1657670400012,8,-0.00001204
1657699200022,8,0.00000617
1657728000005,8,-0.00001218
1657756800017,8,5.7E-7
1657785600001,8,0.00010000
1657814400000,8,0.00003451
1657843200004,8,0.00009257
1657872000019,8,0.00001401
1657900800017,8,0.00001601
1657929600021,8,0.00006055
1657958400014,8,0.00007996
1657987200005,8,0.00000800
1658016000000,8,0.00008038
1658044800003,8,0.00010000
1658073600007,8,0.00008709
1658102400001,8,0.00010000
1658131200004,8,0.00010000
1658160000019,8,0.00010000
1658188800000,8,0.00010000
1658217600000,8,0.00010000
1658246400001,8,0.00010000
1658275200004,8,0.00010000
1658304000000,8,0.00010000
1658332800003,8,0.00008118
1658361600000,8,0.00010000
1658390400018,8,0.00010000
1658419200011,8,0.00010000
1658448000014,8,0.00010000
1658476800000,8,0.00010000
1658505600000,8,0.00005172
1658534400004,8,0.00009043
1658563200002,8,0.00001021
1658592000001,8,0.00010000
1658620800000,8,0.00003770
1658649600011,8,0.00010000
1658678400000,8,0.00008293
1658707200000,8,0.00010000
1658736000014,8,0.00001238
1658764800006,8,0.00002319
1658793600010,8,0.00010000
1658822400000,8,0.00003654
1658851200000,8,0.00008659
1658880000008,8,0.00004591
1658908800000,8,0.00005085
1658937600003,8,0.00002951
1658966400009,8,0.00009229
1658995200008,8,0.00010000
1659024000013,8,0.00010000
1659052800000,8,0.00010000
1659081600000,8,0.00010000
1659110400000,8,0.00010000
1659139200005,8,0.00010000
1659168000009,8,0.00010000
1659196800000,8,0.00010000
1659225600022,8,0.00010000
1659254400011,8,0.00010000
1659283200019,8,0.00006281
1659312000010,8,0.00010000
1659340800019,8,0.00010000
1659369600017,8,0.00006449
1659398400000,8,0.00010000
1659427200007,8,0.00009733
1659456000014,8,0.00005885
1659484800001,8,0.00000328
1659513600020,8,-0.00003960
1659542400008,8,0.00004382
1659571200001,8,-0.00000191
1659600000009,8,0.00001778
1659628800015,8,0.00001436
1659657600005,8,0.00001692
1659686400000,8,0.00006774
1659715200000,8,0.00002115
1659744000021,8,0.00006888
1659772800000,8,0.00008589
1659801600015,8,0.00010000
1659830400013,8,0.00010000
1659859200000,8,-0.00000737
1659888000014,8,0.00002401
1659916800009,8,0.00010000
1659945600006,8,0.00002790
1659974400000,8,0.00010000
1660003200020,8,0.00010000
1660032000000,8,0.00007920
1660060800000,8,0.00010000
1660089600000,8,-0.00001314
1660118400016,8,0.00000581
1660147200018,8,0.00009440
1660176000012,8,0.00007206
1660204800000,8,0.00010000
1660233600000,8,0.00004911
1660262400006,8,0.00009024
1660291200000,8,0.00001412
1660320000005,8,-0.00003384
1660348800012,8,-0.00003559
1660377600006,8,0.00008455
1660406400018,8,0.00002154
1660435200000,8,0.00002396
1660464000000,8,-0.00000333
1660492800000,8,0.00001239
1660521600010,8,-0.00003766
1660550400002,8,0.00001077
1660579200010,8,-0.00001339
1660608000010,8,0.00003243
1660636800002,8,0.00000156
1660665600000,8,0.00002870
1660694400020,8,0.00000466
1660723200016,8,0.00000262
1660752000001,8,0.00009364
1660780800005,8,0.00008391
1660809600012,8,0.00010000
1660838400013,8,0.00007171
1660867200000,8,0.00010000
1660896000000,8,0.00002108
1660924800009,8,-0.00006746
1660953600000,8,0.00001070
1660982400005,8,-0.00006722
1661011200000,8,-0.00004567
1661040000010,8,-0.00001957
1661068800013,8,-0.00003589
1661097600000,8,-0.00003234
1661126400011,8,-0.00008092
1661155200005,8,-0.00003215
1661184000005,8,0.00004021
1661212800000,8,-0.00003345
1661241600021,8,-0.00004031
1661270400005,8,0.00000846
1661299200017,8,0.00002509
1661328000021,8,-0.00004353
1661356800000,8,-0.00003538
1661385600003,8,0.00000128
1661414400000,8,0.00001547
1661443200004,8,0.00004481
1661472000001,8,-0.00001707
1661500800004,8,0.00003207
1661529600000,8,0.00002599
1661558400010,8,-0.00002808
1661587200007,8,-0.00006290
1661616000008,8,-0.00004396
1661644800019,8,-0.00001396
1661673600000,8,-0.00008758
1661702400000,8,-0.00002443
1661731200000,8,-0.00013623
1661760000000,8,-0.00010056
1661788800001,8,-0.00006193
1661817600001,8,0.00001123
1661846400005,8,-0.00003356
1661875200010,8,-0.00005903
1661904000000,8,-0.00002089
1661932800005,8,0.00005779
1661961600013,8,0.00004950
1661990400012,8,0.00009390
1662019200000,8,0.00002266
1662048000013,8,0.00003630
1662076800002,8,0.00002498
1662105600013,8,0.00004905
1662134400000,8,0.00004443
1662163200000,8,-0.00000199
1662192000002,8,0.00009442
1662220800007,8,0.00001115
1662249600008,8,0.00000588
1662278400009,8,0.00005463
1662307200000,8,0.00002119
1662336000015,8,0.00008292
1662364800013,8,-0.00000737
1662393600007,8,0.00004712
1662422400018,8,-0.00000245
1662451200020,8,0.00000343
1662480000028,8,0.00003473
1662508800013,8,-0.00008601
1662537600022,8,0.00002729
1662566400021,8,-0.00003480
1662595200010,8,0.00000620
1662624000000,8,0.00003327
1662652800003,8,0.00005667
1662681600011,8,0.00001312
1662710400000,8,0.00010000
1662739200000,8,0.00010000
1662768000003,8,0.00010000
1662796800000,8,0.00009764
1662825600012,8,0.00010000
1662854400009,8,0.00007115
1662883200012,8,0.00010000
1662912000005,8,0.00006712
1662940800007,8,0.00010000
1662969600013,8,0.00008246
1662998400000,8,0.00010000
1663027200004,8,0.00009965
1663056000000,8,0.00010000
1663084800000,8,0.00010000
1663113600000,8,-0.00003953
1663142400000,8,0.00000727
1663171200000,8,0.00001004
1663200000019,8,0.00000324
1663228800012,8,0.00010000
1663257600007,8,0.00000813
1663286400000,8,0.00008055
1663315200000,8,0.00004349
1663344000000,8,0.00002919
1663372800000,8,0.00003024
1663401600012,8,0.00004336
1663430400017,8,0.00001467
1663459200000,8,0.00006428
1663488000004,8,0.00007820
1663516800000,8,0.00003564
1663545600018,8,0.00003581
1663574400006,8,-0.00009289
1663603200010,8,0.00000600
1663632000007,8,0.00007813
1663660800001,8,0.00005855
1663689600000,8,0.00001721
1663718400001,8,0.00005185
1663747200005,8,0.00001478
1663776000000,8,0.00002732
1663804800000,8,-0.00011779
1663833600000,8,-0.00006911
1663862400011,8,0.00007743
1663891200023,8,0.00007261
1663920000004,8,0.00002959
1663948800005,8,-0.00005008
1663977600000,8,0.00002947
1664006400005,8,0.00001676
1664035200000,8,0.00005345
1664064000010,8,0.00000999
1664092800000,8,0.00003653
1664121600003,8,0.00002593
1664150400001,8,-0.00000660
1664179200006,8,0.00003696
1664208000000,8,0.00004497
1664236800026,8,0.00002244
1664265600004,8,0.00010000
1664294400006,8,0.00008538
1664323200011,8,0.00001141
1664352000000,8,-0.00001071
1664380800000,8,0.00005332
1664409600010,8,0.00005681
1664438400000,8,0.00007641
1664467200000,8,0.00006685
1664496000006,8,0.00010000
1664524800002,8,0.00010000
1664553600007,8,0.00010000
1664582400008,8,0.00003198
1664611200011,8,0.00010000
1664640000000,8,0.00007005
1664668800000,8,0.00004262
1664697600000,8,0.00005816
1664726400006,8,0.00005384
1664755200000,8,0.00003996
1664784000014,8,0.00008316
1664812800010,8,0.00010000
1664841600006,8,0.00010000
1664870400004,8,0.00010000
1664899200013,8,0.00010000
1664928000000,8,0.00010000
1664956800000,8,0.00010000
1664985600012,8,0.00010000
1665014400008,8,0.00010000
1665043200002,8,0.00010000
1665072000006,8,0.00010000
1665100800000,8,0.00010000
1665129600000,8,0.00010000
1665158400007,8,0.00007513
1665187200010,8,0.00003850
1665216000004,8,0.00007345
1665244800018,8,0.00004149
1665273600000,8,0.00003246
1665302400007,8,0.00001776
1665331200011,8,0.00001951
1665360000018,8,0.00006241
1665388800000,8,0.00006069
1665417600026,8,0.00010000
1665446400020,8,0.00010000
1665475200027,8,0.00010000
1665504000000,8,0.00010000
1665532800014,8,0.00010000
1665561600000,8,0.00010000
1665590400000,8,0.00010000
1665619200013,8,0.00007466
1665648000016,8,0.00010000
1665676800009,8,0.00003936
1665705600020,8,0.00003235
1665734400000,8,0.00010000
1665763200009,8,0.00008395
1665792000001,8,0.00004317
1665820800005,8,0.00003772
1665849600004,8,0.00004563
1665878400012,8,0.00002735
1665907200000,8,0.00000461
1665936000010,8,0.00003394
1665964800012,8,0.00000331
1665993600010,8,0.00004840
1666022400017,8,0.00006458
1666051200010,8,0.00010000
1666080000008,8,0.00010000
1666108800000,8,0.00010000
1666137600007,8,0.00007598
1666166400022,8,0.00010000
1666195200016,8,0.00010000
1666224000000,8,0.00010000
1666252800013,8,0.00006021
1666281600000,8,0.00002095
1666310400005,8,0.00004708
1666339200018,8,0.00004483
1666368000000,8,-0.00000890
1666396800000,8,0.00003721
1666425600015,8,0.00008360
1666454400000,8,-0.00000319
1666483200025,8,0.00004152
1666512000000,8,0.00001171
1666540800004,8,0.00005174
1666569600009,8,0.00010000
1666598400012,8,0.00010000
1666627200002,8,0.00002328
1666656000013,8,0.00004327
1666684800013,8,0.00009019
1666713600000,8,-0.00000166
1666742400006,8,0.00002243
1666771200013,8,0.00005665
1666800000000,8,0.00006122
1666828800009,8,1.3E-7
1666857600006,8,-0.00002276
1666886400009,8,0.00001376
1666915200000,8,-0.00001228
1666944000000,8,0.00003541
1666972800007,8,-0.00002629
1667001600000,8,0.00002484
1667030400003,8,0.00004755
1667059200010,8,0.00004205
1667088000000,8,-0.00002515
1667116800013,8,0.00003212
1667145600009,8,0.00005135
1667174400012,8,0.00001504
1667203200000,8,0.00003842
1667232000010,8,-0.00000434
1667260800000,8,0.00000722
1667289600000,8,-0.00001088
1667318400000,8,0.00001302
1667347200000,8,0.00004787
1667376000000,8,0.00001203
1667404800019,8,0.00006046
1667433600011,8,0.00002680
1667462400016,8,0.00000440
1667491200005,8,0.00006940
1667520000000,8,0.00004429
1667548800004,8,0.00001148
1667577600020,8,0.00006899
1667606400009,8,0.00004409
1667635200007,8,0.00004541
1667664000018,8,0.00010000
1667692800009,8,0.00006491
1667721600000,8,0.00009732
1667750400010,8,0.00006866
1667779200012,8,0.00007813
1667808000014,8,0.00010000
1667836800006,8,0.00010000
1667865600000,8,0.00006515
1667894400001,8,-0.00000788
1667923200005,8,0.00009446
1667952000000,8,-0.00013884
1667980800013,8,0.00007305
1668009600004,8,-0.00032976
1668038400006,8,-0.00119172
1668067200000,8,-0.00111953
1668096000015,8,-0.00023833
1668124800000,8,-0.00019452
1668153600015,8,-0.00007277
1668182400027,8,-0.00005802
1668211200007,8,0.00005300
1668240000016,8,-0.00002406
1668268800000,8,0.00006521
1668297600004,8,0.00000333
1668326400000,8,-0.00007357
1668355200017,8,0.00002816
1668384000000,8,-0.00003809
1668412800000,8,-0.00007645
1668441600000,8,-0.00001132
1668470400014,8,-0.00010925
1668499200009,8,-0.00017664
1668528000010,8,0.00002275
1668556800011,8,-0.00013216
1668585600004,8,0.00001121
1668614400008,8,-0.00006617
1668643200000,8,-0.00004542
1668672000000,8,-0.00005138
1668700800006,8,-0.00002701
1668729600004,8,-0.00002836
1668758400016,8,0.00002398
1668787200000,8,0.00000955
1668816000000,8,0.00005556
1668844800004,8,0.00007897
1668873600024,8,-0.00001169
1668902400015,8,-0.00000779
1668931200004,8,0.00003552
1668960000000,8,-0.00000979
1668988800006,8,0.00007898
1669017600015,8,-0.00001218
1669046400000,8,0.00002302
1669075200000,8,-0.00007485
1669104000000,8,0.00002033
1669132800000,8,0.00007881
1669161600000,8,0.00009406
1669190400011,8,0.00010000
1669219200014,8,-0.00000390
1669248000007,8,0.00005420
1669276800014,8,0.00002012
1669305600013,8,0.00006272
1669334400004,8,0.00002058
1669363200015,8,0.00000461
1669392000000,8,0.00001329
1669420800011,8,0.00003859
1669449600000,8,-0.00002455
1669478400000,8,0.00003523
1669507200012,8,0.00001063
1669536000000,8,-0.00003066
1669564800003,8,0.00003784
1669593600015,8,0.00002303
1669622400004,8,0.00000536
1669651200011,8,2.1E-7
1669680000000,8,0.00004760
1669708800015,8,-0.00000385
1669737600000,8,0.00004171
1669766400007,8,0.00003404
1669795200000,8,0.00004038
1669824000015,8,0.00009511
1669852800001,8,0.00001029
1669881600006,8,-0.00005001
1669910400000,8,0.00010000
1669939200001,8,0.00008203
1669968000016,8,0.00002825
1669996800017,8,-0.00003753
1670025600006,8,0.00003302
1670054400000,8,0.00005123
1670083200011,8,0.00010000
1670112000006,8,0.00006174
1670140800000,8,0.00006437
1670169600006,8,0.00004581
1670198400002,8,5.4E-7
1670227200011,8,-0.00004218
1670256000008,8,0.00004603
1670284800014,8,0.00002206
1670313600027,8,0.00004118
1670342400009,8,0.00002305
1670371200000,8,0.00007887
1670400000000,8,0.00000658
1670428800000,8,-0.00001492
1670457600006,8,0.00001183
1670486400000,8,0.00002152
1670515200014,8,0.00000167
1670544000017,8,0.00001178
1670572800005,8,0.00004007
1670601600000,8,0.00003198
1670630400009,8,-0.00001669
1670659200010,8,-0.00000687
1670688000001,8,0.00001711
1670716800011,8,0.00000929
1670745600007,8,0.00000873
1670774400011,8,0.00000692
1670803200000,8,0.00002406
1670832000004,8,0.00002638
1670860800000,8,-0.00001670
1670889600000,8,0.00003003
1670918400018,8,0.00001971
1670947200011,8,0.00010000
1670976000010,8,0.00010000
1671004800015,8,0.00010000
1671033600004,8,0.00010000
1671062400000,8,0.00010000
1671091200023,8,0.00010000
1671120000010,8,0.00005180
1671148800016,8,0.00004842
1671177600011,8,0.00005706
1671206400001,8,-0.00001987
1671235200001,8,0.00002013
1671264000011,8,0.00007810
1671292800011,8,0.00009707
1671321600008,8,0.00006274
1671350400001,8,0.00006828
1671379200012,8,-0.00000647
1671408000000,8,0.00006468
1671436800000,8,0.00003493
1671465600000,8,0.00004496
1671494400005,8,0.00005611
1671523200016,8,-1.2E-7
1671552000000,8,0.00003401
1671580800007,8,0.00003778
1671609600012,8,0.00007742
1671638400017,8,0.00007582
1671667200004,8,0.00002918
1671696000000,8,0.00008167
1671724800001,8,0.00007198
1671753600018,8,0.00010000
1671782400000,8,0.00010000
1671811200000,8,0.00008903
1671840000001,8,0.00010000
1671868800007,8,0.00004748
1671897600008,8,0.00006222
1671926400000,8,0.00000521
1671955200013,8,0.00001855
1671984000000,8,0.00003060
1672012800001,8,0.00003319
1672041600000,8,-0.00005064
1672070400005,8,0.00002871
1672099200005,8,0.00008655
1672128000010,8,0.00001102
1672156800006,8,0.00001951
1672185600010,8,0.00004252
1672214400010,8,0.00009764
1672243200010,8,0.00002111
1672272000011,8,0.00009985
1672300800000,8,0.00008532
1672329600008,8,0.00010000
1672358400000,8,0.00010000
1672387200000,8,0.00007132
1672416000000,8,0.00010000
1672444800014,8,0.00010000
1672473600000,8,0.00010000
1672502400000,8,0.00010000
1672531200000,8,0.00010000
1672560000008,8,0.00010000
1672588800000,8,0.00000691
1672617600000,8,-0.00001488
1672646400008,8,-0.00004356
1672675200015,8,0.00002670
1672704000003,8,0.00010000
1672732800018,8,0.00008977
1672761600000,8,0.00003322
1672790400000,8,0.00006489
1672819200016,8,0.00003388
1672848000011,8,0.00004931
1672876800009,8,0.00005417
1672905600011,8,0.00004436
1672934400000,8,0.00007264
1672963200005,8,0.00005587
1672992000001,8,0.00006591
1673020800000,8,0.00008658
1673049600006,8,0.00002508
1673078400017,8,0.00000671
1673107200000,8,0.00010000
1673136000015,8,0.00005657
1673164800000,8,0.00010000
1673193600010,8,0.00007452
1673222400003,8,0.00005796
1673251200000,8,-0.00000666
1673280000006,8,0.00000905
1673308800003,8,0.00002417
1673337600021,8,0.00009685
1673366400000,8,0.00003129
1673395200011,8,0.00002761
1673424000006,8,0.00002477
1673452800004,8,-0.00000211
1673481600000,8,0.00007549
1673510400000,8,0.00010000
1673539200000,8,0.00010000
1673568000004,8,0.00010000
1673596800000,8,0.00010000
1673625600018,8,0.00007160
1673654400000,8,0.00008746
1673683200001,8,0.00045847
1673712000000,8,0.00010000
1673740800010,8,0.00013712
1673769600002,8,0.00012434
1673798400000,8,0.00019892
1673827200010,8,0.00010000
1673856000007,8,0.00010000
1673884800000,8,0.00010000
1673913600004,8,0.00010000
1673942400005,8,0.00010000
1673971200001,8,0.00010000
1674000000008,8,0.00010000
1674028800009,8,0.00010000
1674057600017,8,0.00010000
1674086400000,8,0.00010000
1674115200015,8,0.00010000
1674144000012,8,0.00010000
1674172800000,8,0.00010000
1674201600000,8,0.00010000
1674230400000,8,0.00010000
1674259200013,8,0.00010000
1674288000001,8,0.00010000
1674316800016,8,0.00010000
1674345600000,8,0.00010000
1674374400000,8,0.00010000
1674403200023,8,0.00010000
1674432000014,8,0.00010000
1674460800014,8,0.00010000
1674489600016,8,0.00010000
1674518400008,8,0.00010000
1674547200008,8,0.00010000
1674576000000,8,0.00010000
1674604800012,8,0.00010000
1674633600000,8,0.00010000
1674662400010,8,0.00010000
1674691200010,8,0.00010000
1674720000003,8,0.00010000
1674748800020,8,0.00010000
1674777600008,8,0.00010000
1674806400000,8,0.00009541
1674835200000,8,0.00010000
1674864000009,8,0.00010000
1674892800018,8,0.00010000
1674921600005,8,0.00010000
1674950400011,8,0.00010000
1674979200000,8,0.00010000
1675008000008,8,0.00010000
1675036800001,8,0.00010000
1675065600000,8,0.00010000
1675094400000,8,0.00010000
1675123200005,8,0.00010000
1675152000000,8,0.00010000
1675180800007,8,0.00010000
1675209600013,8,0.00010000
1675238400000,8,0.00010000
1675267200012,8,0.00010000
1675296000004,8,0.00010000
1675324800023,8,0.00010000
1675353600003,8,0.00010000
1675382400010,8,0.00010000
1675411200000,8,0.00010000
1675440000000,8,0.00010000
1675468800010,8,0.00010000
1675497600000,8,0.00010000
1675526400000,8,0.00010000
1675555200016,8,0.00010000
1675584000009,8,0.00010000
1675612800018,8,0.00010000
1675641600001,8,0.00010000
1675670400000,8,0.00010000
1675699200012,8,0.00010000
1675728000004,8,0.00010000
1675756800011,8,0.00010000
1675785600018,8,0.00010000
1675814400009,8,0.00010000
1675843200010,8,0.00010000
1675872000000,8,0.00010000
1675900800014,8,0.00010000
1675929600006,8,0.00010000
1675958400001,8,0.00010000
1675987200012,8,0.00010000
1676016000005,8,0.00010000
1676044800020,8,0.00010000
1676073600007,8,0.00007684
1676102400002,8,0.00005572
1676131200021,8,0.00005241
1676160000004,8,0.00005343
1676188800000,8,0.00010000
1676217600002,8,0.00002270
1676246400006,8,0.00002074
1676275200008,8,0.00006323
1676304000002,8,0.00010000
1676332800013,8,0.00010000
1676361600014,8,0.00010000
1676390400016,8,0.00008887
1676419200011,8,0.00002377
1676448000000,8,0.00002630
1676476800005,8,0.00009071
1676505600019,8,0.00010000
1676534400000,8,0.00010000
1676563200001,8,0.00023171
1676592000003,8,0.00010000
1676620800016,8,0.00010000
1676649600000,8,0.00010000
1676678400011,8,0.00010000
1676707200000,8,0.00010000
1676736000007,8,0.00010000
1676764800019,8,0.00010000
1676793600005,8,0.00010000
1676822400003,8,0.00010000
1676851200006,8,0.00010000
1676880000008,8,0.00010000
1676908800006,8,0.00010000
1676937600001,8,0.00010000
1676966400004,8,0.00010000
1676995200011,8,0.00010000
1677024000009,8,0.00010000
1677052800010,8,0.00010000
1677081600000,8,0.00010000
1677110400006,8,0.00010000
1677139200005,8,0.00003506
1677168000002,8,0.00003631
1677196800015,8,0.00004978
1677225600011,8,0.00004949
1677254400014,8,0.00005440
1677283200015,8,0.00001183
1677312000015,8,0.00000610
1677340800015,8,-4.8E-7
1677369600007,8,0.00007372
1677398400012,8,0.00002760
1677427200000,8,0.00006581
1677456000011,8,0.00008144
1677484800003,8,0.00001196
1677513600000,8,0.00006826
1677542400011,8,0.00003414
1677571200018,8,0.00001985
1677600000005,8,0.00005950
1677628800016,8,0.00000185
1677657600000,8,0.00010000
1677686400008,8,0.00010000
1677715200009,8,0.00008612
1677744000013,8,0.00008703
1677772800000,8,0.00008395
1677801600000,8,0.00010000
1677830400013,8,-0.00004203
1677859200000,8,-0.00000226
1677888000001,8,0.00000530
1677916800008,8,0.00003812
1677945600012,8,0.00002104
1677974400000,8,0.00001874
1678003200000,8,0.00000544
1678032000015,8,0.00003706
1678060800007,8,0.00004054
1678089600017,8,0.00005460
1678118400000,8,0.00005414
1678147200009,8,0.00001173
1678176000016,8,0.00004375
1678204800017,8,0.00002631
1678233600000,8,0.00002917
1678262400014,8,0.00003816
1678291200021,8,0.00010000
1678320000010,8,0.00010000
1678348800013,8,0.00010000
1678377600002,8,0.00010000
1678406400000,8,-0.00008895
1678435200000,8,0.00000526
1678464000005,8,-0.00001647
1678492800011,8,0.00002364
1678521600003,8,-0.00002296
1678550400011,8,-0.00002341
1678579200001,8,0.00000376
1678608000000,8,0.00009088
1678636800005,8,-0.00004068
1678665600010,8,0.00010000
1678694400018,8,0.00006011
1678723200003,8,0.00010000
1678752000010,8,0.00015042
1678780800009,8,0.00010000
1678809600010,8,0.00029811
1678838400011,8,0.00010000
1678867200000,8,0.00024127
1678896000012,8,0.00022126
1678924800004,8,0.00010000
1678953600018,8,0.00010000
1678982400005,8,0.00010000
1679011200017,8,0.00003311
1679040000010,8,0.00010000
1679068800003,8,0.00010000
1679097600012,8,0.00010000
1679126400000,8,0.00010000
1679155200016,8,0.00010000
1679184000013,8,0.00010000
1679212800024,8,0.00010000
1679241600000,8,0.00010000
1679270400005,8,0.00010000
1679299200012,8,0.00009081
1679328000015,8,0.00010000
1679356800006,8,0.00008118
1679385600004,8,0.00001254
1679414400003,8,0.00000292
1679443200000,8,0.00000268
1679472000003,8,6E-8
1679500800000,8,0.00005334
1679529600016,8,0.00000248
1679558400001,8,-0.00001090
1679587200013,8,0.00010000
1679616000013,8,0.00010000
1679644800012,8,0.00010000
1679673600027,8,0.00010000
1679702400015,8,-0.00000310
1679731200011,8,0.00000425
1679760000011,8,0.00000292
1679788800000,8,6.1E-7
1679817600015,8,-0.00003326
1679846400000,8,0.00003634
1679875200019,8,0.00002905
1679904000009,8,0.00002409
1679932800000,8,-0.00000396
1679961600007,8,-0.00001428
1679990400000,8,0.00001123
1680019200013,8,0.00007531
1680048000010,8,0.00006075
1680076800006,8,0.00007098
1680105600014,8,0.00010000
1680134400000,8,0.00006987
1680163200000,8,0.00005638
1680192000006,8,0.00001123
1680220800003,8,-0.00002712
1680249600006,8,0.00006358
1680278400011,8,0.00010000
1680307200000,8,0.00010000
1680336000000,8,0.00010000
1680364800018,8,0.00008840
1680393600013,8,0.00004527
1680422400014,8,0.00006893
1680451200001,8,0.00004514
1680480000000,8,0.00001759
1680508800013,8,-0.00001240
1680537600011,8,0.00005688
1680566400002,8,-0.00006009
1680595200017,8,-0.00001357
1680624000008,8,-0.00001276
1680652800000,8,0.00002760
1680681600016,8,0.00008517
1680710400004,8,0.00005265
1680739200000,8,0.00001442
1680768000011,8,0.00003598
1680796800000,8,-0.00002975
1680825600006,8,0.00001004
1680854400005,8,-0.00001473
1680883200000,8,0.00001055
1680912000000,8,0.00000268
1680940800014,8,0.00000466
1680969600018,8,0.00003192
1680998400013,8,0.00000950
1681027200024,8,-0.00000904
1681056000010,8,-0.00000853
1681084800000,8,0.00010000
1681113600010,8,0.00010000
1681142400006,8,0.00006167
1681171200008,8,0.00010000
1681200000007,8,0.00010000
1681228800016,8,0.00010000
1681257600006,8,0.00009582
1681286400008,8,0.00008195
1681315200014,8,0.00001747
1681344000027,8,0.00006665
1681372800010,8,0.00004427
1681401600000,8,0.00010000
1681430400001,8,-0.00000113
1681459200008,8,0.00010000
1681488000007,8,0.00003420
1681516800007,8,-0.00004975
1681545600007,8,0.00008455
1681574400011,8,0.00010000
1681603200014,8,0.00007144
1681632000007,8,0.00010000
1681660800002,8,0.00010000
1681689600017,8,0.00010000
1681718400006,8,0.00007376
1681747200000,8,0.00010000
1681776000013,8,0.00004683
1681804800017,8,-0.00000510
1681833600000,8,0.00006772
1681862400022,8,0.00010000
1681891200014,8,0.00006231
1681920000000,8,-8.1E-7
1681948800010,8,0.00008579
1681977600012,8,0.00003668
1682006400012,8,0.00005898
1682035200009,8,0.00006297
1682064000009,8,0.00010000
1682092800003,8,0.00010000
1682121600000,8,0.00010000
1682150400000,8,0.00006858
1682179200016,8,0.00002090
1682208000009,8,0.00003768
1682236800020,8,0.00001376
1682265600007,8,0.00002369
1682294400000,8,0.00004679
1682323200008,8,0.00003694
1682352000006,8,0.00002630
1682380800014,8,0.00005066
1682409600009,8,0.00006606
1682438400015,8,0.00008541
1682467200015,8,0.00004346
1682496000013,8,0.00001686
1682524800001,8,0.00010000
1682553600014,8,0.00002518
1682582400008,8,0.00005769
1682611200005,8,0.00003265
1682640000011,8,0.00010000
1682668800007,8,0.00010000
1682697600006,8,0.00004476
1682726400004,8,3.7E-7
1682755200016,8,0.00006751
1682784000001,8,0.00007826
1682812800008,8,0.00003132
1682841600000,8,0.00003501
1682870400010,8,0.00006078
1682899200004,8,0.00002435
1682928000008,8,-0.00006370
1682956800014,8,0.00000566
1682985600015,8,0.00000968
1683014400018,8,0.00006135
1683043200000,8,0.00001204
1683072000009,8,0.00008568
1683100800003,8,0.00005435
1683129600011,8,0.00005701
1683158400000,8,0.00010000
1683187200000,8,0.00009992
1683216000011,8,0.00004314
1683244800002,8,0.00003731
1683273600000,8,0.00009909
1683302400000,8,0.00008548
1683331200009,8,0.00010000
1683360000000,8,0.00010000
1683388800000,8,0.00010000
1683417600000,8,0.00004321
1683446400000,8,0.00004047
1683475200006,8,0.00006046
1683504000000,8,0.00000720
1683532800007,8,0.00000407
1683561600015,8,0.00003902
1683590400015,8,0.00005110
1683619200000,8,0.00006841
1683648000000,8,0.00000378
1683676800007,8,0.00003752
1683705600003,8,0.00004785
1683734400000,8,0.00003792
1683763200011,8,0.00001596
1683792000000,8,0.00006926
1683820800005,8,0.00005207
1683849600020,8,0.00003633
1683878400001,8,0.00003964
1683907200010,8,0.00002762
1683936000000,8,-1.0E-7
1683964800000,8,0.00005385
1683993600026,8,0.00004494
1684022400029,8,0.00001715
1684051200010,8,0.00003039
1684080000008,8,0.00003537
1684108800006,8,0.00004407
1684137600005,8,-0.00001576
1684166400008,8,-0.00000190
1684195200021,8,0.00008660
1684224000000,8,0.00003165
1684252800000,8,0.00005800
1684281600010,8,0.00008392
1684310400000,8,0.00007029
1684339200001,8,0.00004461
1684368000000,8,0.00010000
1684396800026,8,0.00010000
1684425600019,8,0.00008342
1684454400000,8,0.00002716
1684483200002,8,0.00004474
1684512000000,8,0.00003815
1684540800005,8,0.00005313
1684569600014,8,0.00002455
1684598400020,8,-0.00000849
1684627200014,8,0.00004776
1684656000001,8,0.00007262
1684684800015,8,0.00005071
1684713600028,8,0.00003019
1684742400000,8,0.00000210
1684771200012,8,0.00004770
1684800000006,8,0.00010000
1684828800014,8,0.00010000
1684857600008,8,0.00010000
1684886400000,8,0.00010000
1684915200025,8,0.00002067
1684944000008,8,0.00004362
1684972800000,8,0.00005820
1685001600025,8,0.00010000
1685030400016,8,0.00010000
1685059200000,8,0.00010000
1685088000024,8,0.00009583
1685116800012,8,0.00004953
1685145600012,8,0.00007146
1685174400018,8,0.00008564
1685203200008,8,0.00007362
1685232000017,8,0.00009880
1685260800015,8,0.00010000
1685289600000,8,0.00010000
1685318400000,8,0.00010000
1685347200020,8,0.00010000
1685376000011,8,0.00010000
1685404800003,8,0.00006187
1685433600000,8,0.00009036
1685462400003,8,0.00003861
1685491200013,8,0.00002344
1685520000000,8,0.00002864
1685548800000,8,0.00009865
1685577600008,8,0.00002096
1685606400012,8,0.00009641
1685635200000,8,0.00010000
1685664000000,8,0.00004770
1685692800006,8,0.00009266
1685721600012,8,0.00009946
1685750400000,8,0.00007420
1685779200011,8,0.00010000
1685808000003,8,0.00005566
1685836800000,8,0.00004850
1685865600000,8,0.00010000
1685894400000,8,0.00010000
1685923200005,8,0.00010000
1685952000000,8,0.00009538
1685980800000,8,0.00007856
1686009600000,8,-0.00007157
1686038400009,8,-0.00003047
1686067200013,8,0.00004288
1686096000000,8,0.00010000
1686124800016,8,0.00010000
1686153600000,8,0.00004005
1686182400006,8,0.00005504
1686211200000,8,0.00003090
1686240000000,8,0.00004011
1686268800000,8,0.00006588
1686297600000,8,0.00007916
1686326400000,8,0.00004404
1686355200000,8,0.00008702
1686384000000,8,0.00002417
1686412800000,8,0.00003854
1686441600001,8,0.00004450
1686470400000,8,0.00003197
1686499200000,8,0.00005925
1686528000000,8,0.00008660
1686556800000,8,0.00003065
1686585600001,8,0.00003624
1686614400000,8,0.00010000
1686643200000,8,0.00006180
1686672000000,8,0.00006503
1686700800000,8,0.00002438
1686729600000,8,0.00002716
1686758400000,8,0.00003661
1686787200000,8,-0.00003265
1686816000000,8,0.00006193
1686844800000,8,0.00006687
1686873600000,8,0.00003971
1686902400000,8,0.00000781
1686931200000,8,0.00000236
1686960000000,8,0.00009868
1686988800000,8,0.00010000
1687017600000,8,0.00007543
1687046400000,8,0.00003706
1687075200000,8,0.00008233
1687104000000,8,0.00006705
1687132800000,8,0.00007040
1687161600000,8,0.00006397
1687190400000,8,0.00003690
1687219200001,8,0.00004350
1687248000000,8,-0.00000448
1687276800000,8,-0.00002597
1687305600000,8,0.00006295
1687334400000,8,0.00010000
1687363200000,8,0.00002551
1687392000000,8,0.00010000
1687420800001,8,0.00010000
1687449600000,8,0.00009236
1687478400000,8,0.00010000
1687507200000,8,0.00010000
1687536000000,8,0.00010000
1687564800000,8,0.00010000
1687593600000,8,0.00010000
1687622400000,8,0.00010000
1687651200000,8,0.00010000
1687680000000,8,0.00010000
1687708800000,8,0.00010000
1687737600000,8,0.00010000
1687766400000,8,0.00010000
1687795200000,8,0.00010000
1687824000000,8,0.00010000
1687852800000,8,0.00010000
1687881600000,8,0.00010000
1687910400000,8,0.00010000
1687939200000,8,0.00009302
1687968000000,8,0.00004598
1687996800000,8,0.00006574
1688025600000,8,0.00009300
1688054400000,8,0.00010000
1688083200000,8,0.00010000
1688112000000,8,0.00010000
1688140800001,8,0.00010000
1688169600000,8,0.00010000
1688198400000,8,0.00010000
1688227200000,8,0.00010000
1688256000000,8,0.00010000
1688284800000,8,0.00010000
1688313600001,8,0.00010000
1688342400000,8,0.00010000
1688371200000,8,0.00010000
1688400000000,8,0.00010000
1688428800001,8,0.00010000
1688457600000,8,0.00010000
1688486400000,8,0.00010000
1688515200000,8,0.00010000
1688544000000,8,0.00010000
1688572800000,8,0.00010000
1688601600000,8,0.00010000
1688630400000,8,0.00007720
1688659200000,8,0.00001492
1688688000000,8,0.00000698
1688716800000,8,0.00004221
1688745600000,8,-0.00000658
1688774400000,8,0.00003757
1688803200000,8,0.00002631
1688832000000,8,0.00001686
1688860800000,8,0.00005707
1688889600000,8,0.00006821
1688918400000,8,0.00006153
1688947200000,8,-0.00002182
1688976000000,8,0.00004850
1689004800000,8,0.00002995
1689033600000,8,0.00008010
1689062400000,8,0.00008265
1689091200000,8,0.00003954
1689120000000,8,0.00007041
1689148800000,8,0.00006479
1689177600000,8,0.00004650
1689206400000,8,-0.00001135
1689235200000,8,0.00006120
1689264000000,8,0.00000529
1689292800000,8,0.00010000
1689321600000,8,0.00010000
1689350400000,8,0.00010000
1689379200000,8,-0.00007313
1689408000000,8,0.00003007
1689436800000,8,0.00002984
1689465600001,8,0.00001993
1689494400000,8,0.00007772
1689523200000,8,0.00004583
1689552000000,8,0.00002785
1689580800000,8,0.00006278
1689609600000,8,0.00006261
1689638400000,8,0.00003983
1689667200000,8,0.00006798
1689696000000,8,0.00007477
1689724800000,8,0.00010000
1689753600000,8,0.00005224
1689782400001,8,0.00007690
1689811200000,8,0.00002652
1689840000000,8,0.00009641
1689868800000,8,0.00005563
1689897600001,8,0.00002877
1689926400000,8,0.00000777
1689955200000,8,0.00003717
1689984000000,8,0.00002195
1690012800000,8,0.00000944
1690041600000,8,0.00000177
1690070400000,8,0.00002908
1690099200000,8,0.00010000
1690128000000,8,0.00009372
1690156800000,8,0.00010000
1690185600000,8,0.00004338
1690214400000,8,0.00010000
1690243200000,8,0.00007702
1690272000000,8,0.00006913
1690300800000,8,0.00009465
1690329600000,8,0.00009451
1690358400001,8,0.00010000
1690387200000,8,0.00005768
1690416000000,8,0.00003136
1690444800000,8,0.00003830
1690473600001,8,0.00002876
1690502400000,8,0.00004373
1690531200000,8,0.00006675
1690560000000,8,0.00010000
1690588800000,8,0.00010000
1690617600000,8,0.00004567
1690646400001,8,0.00007530
1690675200000,8,0.00008151
1690704000000,8,0.00005560
1690732800000,8,0.00004357
1690761600000,8,0.00002369
1690790400000,8,0.00007362
1690819200001,8,0.00008239
1690848000000,8,0.00006300
1690876800000,8,0.00006768
1690905600000,8,0.00010000
1690934400000,8,0.00010000
1690963200000,8,0.00010000
1690992000000,8,0.00010000
1691020800000,8,0.00010000
1691049600000,8,0.00010000
1691078400001,8,0.00010000
1691107200000,8,0.00008116
1691136000000,8,0.00010000
1691164800000,8,0.00010000
1691193600000,8,0.00004181
1691222400000,8,0.00010000
1691251200001,8,0.00010000
1691280000000,8,0.00010000
1691308800001,8,0.00010000
1691337600005,8,0.00010000
1691366400000,8,0.00010000
1691395200000,8,0.00007669
1691424000000,8,0.00010000
1691452800000,8,0.00010000
1691481600000,8,0.00009136
1691510400000,8,0.00005944
1691539200000,8,0.00008110
1691568000000,8,0.00009527
1691596800000,8,0.00008877
1691625600001,8,0.00010000
1691654400000,8,0.00010000
1691683200000,8,0.00008277
1691712000000,8,0.00010000
1691740800000,8,0.00010000
1691769600000,8,0.00007123
1691798400000,8,0.00010000
1691827200000,8,0.00010000
1691856000000,8,0.00009305
1691884800000,8,0.00010000
1691913600000,8,0.00004637
1691942400000,8,0.00010000
1691971200001,8,0.00010000
1692000000000,8,0.00010000
1692028800000,8,0.00010000
1692057600001,8,0.00010000
1692086400000,8,0.00010000
1692115200000,8,0.00010000
1692144000000,8,0.00010000
1692172800001,8,0.00010000
1692201600000,8,0.00010000
1692230400000,8,0.00010000
1692259200000,8,0.00010000
1692288000000,8,0.00010000
1692316800000,8,0.00010000
1692345600000,8,-4.6E-7
1692374400000,8,0.00005166
1692403200000,8,-0.00000274
1692432000000,8,-0.00000322
1692460800000,8,-0.00005286
1692489600000,8,-0.00003069
1692518400000,8,-0.00004364
1692547200000,8,-0.00000193
1692576000000,8,-0.00002797
1692604800000,8,0.00000816
1692633600000,8,-0.00001619
1692662400000,8,-0.00000308
1692691200000,8,-0.00001928
1692720000000,8,0.00003048
1692748800000,8,0.00000739
1692777600000,8,-0.00001020
1692806400000,8,0.00003247
1692835200000,8,-0.00002822
1692864000000,8,0.00002506
1692892800000,8,0.00004900
1692921600000,8,-0.00000659
1692950400000,8,0.00002802
1692979200000,8,0.00005218
1693008000000,8,0.00003820
1693036800000,8,0.00005334
1693065600000,8,0.00002096
1693094400000,8,9.9E-7
1693123200000,8,0.00003976
1693152000000,8,0.00001232
1693180800000,8,-0.00000395
1693209600001,8,0.00004424
1693238400001,8,0.00004524
1693267200000,8,0.00000824
1693296000000,8,0.00003769
1693324800000,8,-0.00010934
1693353600000,8,0.00004868
1693382400000,8,0.00005731
1693411200000,8,0.00003944
1693440000000,8,0.00002909
1693468800000,8,0.00006859
1693497600000,8,0.00008105
1693526400000,8,0.00002583
1693555200000,8,0.00005968
1693584000001,8,0.00006254
1693612800000,8,0.00004998
1693641600000,8,0.00001937
1693670400000,8,-0.00002018
1693699200000,8,0.00004839
1693728000000,8,0.00000235
1693756800000,8,0.00002890
1693785600000,8,0.00002690
1693814400000,8,0.00001469
1693843200000,8,-0.00001059
1693872000000,8,5.3E-7
1693900800000,8,0.00001975
1693929600000,8,0.00003366
1693958400000,8,0.00001737
1693987200000,8,-0.00002763
1694016000001,8,0.00002135
1694044800000,8,0.00003830
1694073600000,8,0.00003883
1694102400000,8,0.00006924
1694131200000,8,-0.00001525
1694160000000,8,0.00000512
1694188800000,8,-0.00001691
1694217600000,8,-0.00005057
1694246400000,8,-0.00000377
1694275200000,8,0.00001423
1694304000000,8,-7.3E-7
1694332800000,8,0.00003294
1694361600000,8,0.00002609
1694390400000,8,-0.00000300
1694419200000,8,0.00001823
1694448000001,8,0.00001838
1694476800000,8,0.00002730
1694505600000,8,0.00005425
1694534400000,8,-0.00003502
1694563200000,8,0.00002342
1694592000000,8,0.00001260
1694620800000,8,0.00003099
1694649600000,8,0.00000461
1694678400001,8,0.00003428
1694707200000,8,-0.00004748
1694736000000,8,-0.00002641
1694764800000,8,-0.00000761
1694793600000,8,0.00007561
1694822400000,8,-0.00001381
1694851200000,8,-0.00004320
1694880000000,8,-0.00003161
1694908800000,8,0.00000897
1694937600000,8,0.00001142
1694966400000,8,0.00000649
1694995200000,8,-0.00000508
1695024000000,8,0.00000579
1695052800000,8,-0.00006774
1695081600000,8,0.00002468
1695110400001,8,-0.00001972
1695139200000,8,-0.00001756
1695168000000,8,-0.00002614
1695196800000,8,-0.00003777
1695225600000,8,-0.00000991
1695254400001,8,-2.9E-7
1695283200000,8,0.00004303
1695312000000,8,0.00007429
1695340800000,8,-6.2E-7
1695369600000,8,0.00001034
1695398400000,8,0.00002136
1695427200000,8,0.00006676
1695456000000,8,0.00001556
1695484800000,8,0.00000209
1695513600000,8,-0.00001392
1695542400000,8,0.00004721
1695571200000,8,0.00002887
1695600000000,8,-0.00001260
1695628800000,8,0.00008565
1695657600000,8,0.00004792
1695686400000,8,-0.00003910
1695715200000,8,-0.00001215
1695744000000,8,0.00005626
1695772800000,8,0.00009944
1695801600001,8,0.00003378
1695830400000,8,0.00002074
1695859200000,8,0.00000674
1695888000000,8,-0.00001581
1695916800000,8,-0.00004732
1695945600000,8,-0.00003894
1695974400000,8,-0.00002567
1696003200000,8,0.00000476
1696032000000,8,0.00000643
1696060800000,8,0.00001864
1696089600000,8,0.00001525
1696118400000,8,0.00000295
1696147200000,8,-0.00000619
1696176000000,8,-0.00002263
1696204800000,8,0.00005831
1696233600000,8,0.00000728
1696262400000,8,-0.00001477
1696291200000,8,0.00004172
1696320000000,8,0.00001667
1696348800000,8,0.00002500
1696377600000,8,0.00006031
1696406400000,8,0.00006200
1696435200000,8,-0.00002857
1696464000000,8,-0.00003807
1696492800000,8,-0.00004268
1696521600001,8,-0.00002302
1696550400000,8,-0.00001106
1696579200000,8,0.00001436
1696608000000,8,-0.00003149
1696636800000,8,0.00002124
1696665600000,8,0.00002849
1696694400000,8,0.00002083
1696723200000,8,0.00000314
1696752000001,8,0.00000974
1696780800000,8,0.00005163
1696809600000,8,0.00003992
1696838400000,8,0.00003515
1696867200000,8,0.00007838
1696896000000,8,0.00006349
1696924800000,8,0.00001894
1696953600000,8,0.00004548
1696982400000,8,0.00005918
1697011200000,8,0.00008330
1697040000000,8,0.00006319
1697068800000,8,0.00010000
1697097600000,8,0.00002661
1697126400000,8,0.00007304
1697155200000,8,0.00002294
1697184000000,8,0.00002039
1697212800000,8,0.00002326
1697241600000,8,0.00000105
1697270400000,8,0.00002211
1697299200000,8,0.00002456
1697328000000,8,-0.00001509
1697356800000,8,0.00004292
1697385600000,8,0.00002224
1697414400000,8,0.00000511
1697443200000,8,2.8E-7
1697472000000,8,0.00009644
1697500800000,8,0.00000204
1697529600000,8,0.00001493
1697558400000,8,-0.00002311
1697587200000,8,-0.00003343
1697616000000,8,-0.00001216
1697644800000,8,0.00001644
1697673600000,8,-0.00001028
1697702400001,8,-0.00000624
1697731200000,8,-0.00011006
1697760000000,8,-0.00009272
1697788800005,8,0.00001938
1697817600000,8,0.00002687
1697846400000,8,-0.00001585
1697875200000,8,0.00004374
1697904000000,8,0.00005827
1697932800000,8,0.00002567
1697961600000,8,0.00002579
1697990400000,8,0.00003115
1698019200000,8,0.00008250
1698048000001,8,0.00009590
1698076800001,8,0.00000648
1698105600000,8,0.00010000
1698134400000,8,0.00010000
1698163200000,8,0.00010000
1698192000000,8,0.00010000
1698220800000,8,0.00010000
1698249600001,8,0.00010000
1698278400001,8,0.00010000
1698307200000,8,0.00010000
1698336000000,8,0.00010000
1698364800000,8,0.00010000
1698393600000,8,0.00010000
1698422400000,8,0.00010000
1698451200000,8,0.00010000
1698480000001,8,0.00010000
1698508800000,8,0.00010000
1698537600000,8,0.00010000
1698566400000,8,0.00010000
1698595200000,8,0.00010000
1698624000000,8,0.00010000
1698652800000,8,0.00010000
1698681600000,8,0.00010000
1698710400001,8,0.00010000
1698739200000,8,0.00010000
1698768000000,8,0.00010000
1698796800000,8,0.00010000
1698825600000,8,0.00010000
1698854400000,8,0.00010000
1698883200001,8,0.00010000
1698912000000,8,0.00010000
1698940800000,8,0.00010000
1698969600000,8,0.00010000
1698998400000,8,0.00010000
1699027200000,8,0.00010000
1699056000000,8,0.00010000
1699084800000,8,0.00010000
1699113600000,8,0.00010000
1699142400000,8,0.00010000
1699171200000,8,0.00010000
1699200000000,8,0.00010000
1699228800000,8,0.00010000
1699257600001,8,0.00010000
1699286400000,8,0.00010000
1699315200001,8,0.00010000
1699344000000,8,0.00010000
1699372800000,8,0.00010000
1699401600000,8,0.00010000
1699430400000,8,0.00010000
1699459200000,8,0.00010000
1699488000000,8,0.00010000
1699516800000,8,0.00010000
1699545600000,8,0.00020027
1699574400000,8,0.00010000
1699603200000,8,0.00011682
1699632000000,8,0.00010000
1699660800000,8,0.00010000
1699689600000,8,0.00016607
1699718400000,8,0.00014648
1699747200000,8,0.00015430
1699776000000,8,0.00023487
1699804800001,8,0.00027221
1699833600000,8,0.00032467
1699862400000,8,0.00010893
1699891200000,8,0.00020492
1699920000000,8,0.00017382
1699948800000,8,0.00016369
1699977600001,8,0.00014477
1700006400000,8,0.00010000
1700035200000,8,0.00010000
1700064000000,8,0.00010000
1700092800000,8,0.00010000
1700121600000,8,0.00015199
1700150400001,8,0.00012014
1700179200000,8,0.00010000
1700208000001,8,0.00010000
1700236800001,8,0.00010000
1700265600000,8,0.00010000
1700294400000,8,0.00010000
1700323200000,8,0.00010000
1700352000000,8,0.00010000
1700380800000,8,0.00010000
1700409600000,8,0.00010000
1700438400000,8,0.00010000
1700467200000,8,0.00010000
1700496000000,8,0.00010000
1700524800000,8,0.00010000
1700553600000,8,0.00010000
1700582400000,8,0.00010000
1700611200000,8,0.00010000
1700640000000,8,0.00010000
1700668800000,8,0.00010000
1700697600000,8,0.00010000
1700726400000,8,0.00010000
1700755200001,8,0.00010000
1700784000000,8,0.00010000
1700812800000,8,0.00010000
1700841600000,8,0.00010000
1700870400000,8,0.00010000
1700899200000,8,0.00010000
1700928000000,8,0.00010000
1700956800000,8,0.00010000
1700985600000,8,0.00010000
1701014400000,8,0.00010000
1701043200000,8,0.00010000
1701072000001,8,0.00010000
1701100800000,8,0.00010000
1701129600000,8,0.00010000
1701158400000,8,0.00010000
1701187200000,8,0.00010000
1701216000001,8,0.00010000
1701244800000,8,0.00010000
1701273600000,8,0.00010000
1701302400000,8,0.00010000
1701331200000,8,0.00010000
1701360000000,8,0.00010000
1701388800000,8,0.00010000
1701417600000,8,0.00010000
1701446400000,8,0.00010000
1701475200000,8,0.00009950
1701504000000,8,0.00006973
1701532800000,8,0.00008541
1701561600000,8,0.00010000
1701590400000,8,0.00010000
1701619200000,8,0.00010000
1701648000000,8,0.00010000
1701676800000,8,0.00010000
1701705600000,8,0.00010000
1701734400000,8,0.00010000
1701763200000,8,0.00010000
1701792000000,8,0.00010000
1701820800000,8,0.00010000
1701849600000,8,0.00010000
1701878400000,8,0.00010000
1701907200000,8,0.00010000
1701936000000,8,0.00010000
1701964800000,8,0.00010000
1701993600000,8,0.00010000
1702022400000,8,0.00023288
1702051200000,8,0.00020242
1702080000000,8,0.00011504
1702108800000,8,0.00030159
1702137600000,8,0.00017192
1702166400000,8,0.00020724
1702195200000,8,0.00020383
1702224000000,8,0.00023923
1702252800000,8,0.00014730
1702281600000,8,0.00010000
1702310400000,8,0.00010000
1702339200000,8,0.00010000
1702368000000,8,0.00010000
1702396800000,8,0.00010000
1702425600000,8,0.00011909
1702454400000,8,0.00010162
1702483200001,8,0.00012601
1702512000000,8,0.00010000
1702540800000,8,0.00010000
1702569600000,8,0.00010000
1702598400000,8,0.00010000
1702627200000,8,0.00010000
1702656000000,8,0.00010000
1702684800000,8,0.00010000
1702713600000,8,0.00010000
1702742400001,8,0.00010000
1702771200000,8,0.00010000
1702800000000,8,0.00010000
1702828800000,8,0.00010000
1702857600000,8,0.00013355
1702886400001,8,0.00010000
1702915200000,8,0.00015611
1702944000000,8,0.00010000
1702972800000,8,0.00010000
1703001600000,8,0.00010000
1703030400000,8,0.00010506
1703059200000,8,0.00010000
1703088000000,8,0.00023637
1703116800000,8,0.00027143
1703145600000,8,0.00029216
1703174400000,8,0.00028948
1703203200000,8,0.00030806
1703232000000,8,0.00029610
1703260800000,8,0.00018011
1703289600000,8,0.00016285
1703318400001,8,0.00010000
1703347200000,8,0.00015066
1703376000000,8,0.00010000
1703404800000,8,0.00020790
1703433600000,8,0.00019729
1703462400000,8,0.00010000
1703491200000,8,0.00010000
1703520000000,8,0.00037908
1703548800000,8,0.00043391
1703577600000,8,0.00023757
1703606400000,8,0.00029559
1703635200000,8,0.00027621
1703664000000,8,0.00037942
1703692800000,8,0.00032304
1703721600000,8,0.00013021
1703750400000,8,0.00037879
1703779200000,8,0.00050152
1703808000001,8,0.00055170
1703836800000,8,0.00049912
1703865600000,8,0.00047082
1703894400001,8,0.00033033
1703923200000,8,0.00043580
1703952000000,8,0.00037842
1703980800000,8,0.00027855
1704009600001,8,0.00034573
1704038400000,8,0.00033597
1704067200000,8,0.00037409
1704096000000,8,0.00027213
1704124800000,8,0.00033601
1704153600000,8,0.00065846
1704182400000,8,0.00035179
1704211200000,8,0.00053730
1704240000000,8,0.00021159
1704268800000,8,0.00017123
1704297600000,8,0.00010000
1704326400000,8,0.00010000
1704355200000,8,0.00010000
1704384000000,8,0.00010000
1704412800001,8,0.00010000
1704441600000,8,0.00010000
1704470400000,8,0.00010000
1704499200000,8,0.00010000
1704528000000,8,0.00010000
1704556800000,8,0.00010000
1704585600000,8,0.00010000
1704614400001,8,0.00010000
1704643200001,8,0.00010000
1704672000000,8,0.00010000
1704700800000,8,0.00010000
1704729600000,8,0.00010000
1704758400001,8,0.00010000
1704787200000,8,0.00010000
1704816000000,8,0.00010000
1704844800000,8,0.00010000
1704873600000,8,0.00010000
1704902400000,8,0.00010000
1704931200000,8,0.00010000
1704960000000,8,0.00010000
1704988800000,8,0.00010000
1705017600001,8,0.00010000
1705046400000,8,0.00010000
1705075200000,8,0.00010000
1705104000000,8,0.00010000
1705132800000,8,0.00010000
1705161600001,8,0.00010000
1705190400000,8,0.00010000
1705219200000,8,0.00010000
1705248000001,8,0.00010000
1705276800000,8,0.00010000
1705305600000,8,0.00010000
1705334400000,8,0.00010000
1705363200000,8,0.00010000
1705392000000,8,0.00010000
1705420800001,8,0.00010000
1705449600000,8,0.00010000
1705478400000,8,0.00010000
1705507200000,8,0.00010000
1705536000001,8,0.00010000
1705564800000,8,0.00010000
1705593600000,8,0.00010000
1705622400000,8,0.00010000
1705651200000,8,0.00010000
1705680000002,8,0.00010000
1705708800000,8,0.00010000
1705737600003,8,0.00010000
1705766400000,8,0.00010000
1705795200000,8,0.00010000
1705824000000,8,0.00010000
1705852800000,8,0.00010000
1705881600000,8,0.00010000
1705910400000,8,0.00010000
1705939200000,8,0.00010000
1705968000000,8,0.00010000
1705996800000,8,0.00010000
1706025600000,8,0.00010000
1706054400000,8,0.00010000
1706083200000,8,0.00010000
1706112000000,8,0.00010000
1706140800000,8,0.00010000
1706169600001,8,0.00010000
1706198400000,8,0.00010000
1706227200001,8,0.00010000
1706256000000,8,0.00010000
1706284800000,8,0.00010000
1706313600000,8,0.00008966
1706342400000,8,0.00010000
1706371200000,8,0.00008300
1706400000000,8,0.00010000
1706428800000,8,0.00004725
1706457600000,8,0.00010000
1706486400000,8,0.00010000
1706515200001,8,0.00009142
1706544000000,8,0.00010000
1706572800000,8,0.00010000
1706601600000,8,0.00009492
1706630400001,8,0.00005149
1706659200000,8,0.00002154
1706688000000,8,0.00010000
1706716800000,8,0.00010000
1706745600000,8,0.00010000
1706774400000,8,0.00010000
1706803200002,8,0.00010000
1706832000000,8,0.00010000
1706860800000,8,0.00010000
1706889600000,8,0.00010000
1706918400000,8,0.00007627
1706947200000,8,0.00009042
1706976000001,8,0.00008028
1707004800000,8,0.00008307
1707033600004,8,0.00008846
1707062400000,8,0.00010000
1707091200000,8,0.00010000
1707120000000,8,0.00010000
1707148800000,8,0.00010000
1707177600000,8,0.00010000
1707206400001,8,0.00006723
1707235200000,8,0.00010000
1707264000000,8,0.00007527
1707292800000,8,0.00005373
1707321600000,8,0.00008306
1707350400000,8,0.00010000
1707379200000,8,0.00006535
1707408000000,8,0.00002590
1707436800000,8,0.00003160
1707465600000,8,0.00010000
1707494400001,8,0.00009801
1707523200001,8,0.00008041
1707552000000,8,0.00010000
1707580800000,8,0.00010000
1707609600000,8,0.00010000
1707638400001,8,0.00010000
1707667200000,8,0.00010000
1707696000000,8,0.00010000
1707724800000,8,0.00010000
1707753600000,8,0.00010000
1707782400000,8,0.00010000
1707811200000,8,0.00010000
1707840000000,8,0.00010000
1707868800000,8,0.00010000
1707897600000,8,0.00010000
1707926400000,8,0.00012283
1707955200000,8,0.00010000
1707984000000,8,0.00010000
1708012800000,8,0.00010000
1708041600000,8,0.00010000
1708070400000,8,0.00010000
1708099200000,8,0.00010000
1708128000000,8,0.00010000
1708156800000,8,0.00010000
1708185600000,8,0.00016041
1708214400000,8,0.00017240
1708243200000,8,0.00015305
1708272000000,8,0.00017095
1708300800000,8,0.00023064
1708329600000,8,0.00019594
1708358400000,8,0.00013327
1708387200000,8,0.00010461
1708416000000,8,0.00010912
1708444800000,8,0.00020259
1708473600000,8,0.00010000
1708502400000,8,0.00011242
1708531200000,8,0.00010000
1708560000001,8,0.00010000
1708588800001,8,0.00013480
1708617600000,8,0.00012557
1708646400000,8,0.00010000
1708675200000,8,0.00010000
1708704000000,8,0.00012991
1708732800000,8,0.00010000
1708761600001,8,0.00010000
1708790400000,8,0.00010000
1708819200001,8,0.00011438
1708848000000,8,0.00015012
1708876800000,8,0.00015062
1708905600000,8,0.00026761
1708934400000,8,0.00021567
1708963200000,8,0.00027227
1708992000000,8,0.00032262
1709020800000,8,0.00073521
1709049600000,8,0.00022965
1709078400000,8,0.00026729
1709107200000,8,0.00023682
1709136000000,8,0.00053538
1709164800000,8,0.00069091
1709193600000,8,0.00076337
1709222400000,8,0.00057031
